unit,mot_nrg,engine,geo\time,2020 ,2019 ,2018 ,2017 ,2016 ,2015 ,2014 ,2013 ,2012 ,2011 ,2010 ,2009 ,2008 ,2007 ,2006 ,2005 ,2004 ,2003 ,2002 ,2001 ,2000 ,1999 ,1998 ,1997 ,1996 ,1995 ,1994 ,1993 ,1992 ,1991 ,1990 ,1989 ,1988 ,1987 ,1986 ,1985 ,1984 ,1983 ,1982 ,1981 ,1980 ,1979 ,1975 ,1970 
NR,DIE,CC1400-1999,AT,91970 ,116686 ,121008 ,149980 ,162344 ,151225 ,142434 ,148732 ,157799 ,161650 ,137282 ,117739 ,124222 ,132001 ,139508 ,: ,183821 d,175893 ,158103 d,158020 d,155684 d,146817 d,: ,: ,: ,: ,: ,: ,: ,: ,: ,: ,: ,: ,: ,: ,: ,: ,: ,: ,: ,: ,: ,: 
NR,DIE,CC1400-1999,BA,30254 ,50544 ,45863 ,35492 ,: ,: ,: ,: ,: ,: ,: ,: ,: ,: ,: ,: ,: ,: ,: ,: ,: ,: ,: ,: ,: ,: ,: ,: ,: ,: ,: ,: ,: ,: ,: ,: ,: ,: ,: ,: ,: ,: ,: ,: 
NR,DIE,CC1400-1999,BE,143054 ,164802 ,178651 ,231725 ,251173 ,263051 ,255701 ,265841 ,274119 ,: ,328443 ,273925 ,315073 ,291300 ,280099 ,260791 ,245087 ,: ,: ,: ,: ,: ,: ,: ,: ,: ,: ,: ,: ,: ,: ,: ,: ,: ,: ,: ,: ,: ,: ,: ,: ,: ,: ,: 
NR,DIE,CC1400-1999,CH,48800 ,68300 ,69600 ,85800 ,93000 ,90700 ,78300 ,79800 ,86300 ,75300 e,62400 ,51500 e,61600 ,58300 ,49100 ,48165 ,42515 ,: ,: ,: ,: ,: ,: ,: ,: ,: ,: ,: ,: ,: ,: ,: ,: ,: ,: ,: ,: ,: ,: ,: ,: ,: ,: ,: 
NR,DIE,CC1400-1999,CY,2800 ,4144 ,4533 ,4706 ,4549 ,3353 ,2279 ,788 ,1883 ,2525 ,2980 ,2938 ,2631 ,1541 ,875 ,781 ,: ,: ,: ,: ,: ,: ,: ,: ,: ,: ,: ,: ,: ,: ,: ,: ,: ,: ,: ,: ,: ,: ,: ,: ,: ,: ,: ,: 
NR,DIE,CC1400-1999,DE,674270 ,968625 ,865244 ,1019364 ,1170332 ,1146031 ,1073048 ,1027556 ,1091951 ,1079139 ,868989 ,804386 ,913397 ,998646 ,1019668 ,953694 ,921058 ,: ,: ,: ,: ,: ,: ,: ,: ,: ,: ,: ,: ,: ,: ,: ,: ,: ,: ,: ,: ,: ,: ,: ,: ,: ,: ,: 
NR,DIE,CC1400-1999,EE,4472 ,5542 ,5421 ,5163 ,4942 ,5381 ,5503 ,5465 ,4843 ,4039 ,2593 ,2339 ,3583 ,4803 ,3341 ,: ,1911 ,1549 ,1540 ,1243 ,1255 ,: ,: ,: ,: ,: ,: ,: ,: ,: ,: ,: ,: ,: ,: ,: ,: ,: ,: ,: ,: ,: ,: ,: 
NR,DIE,CC1400-1999,EL,: ,: ,: ,: ,: ,: ,: ,: ,: ,: ,: ,: ,: ,: ,: ,: ,: ,3140 ,1626 ,1720 ,1572 ,1474 ,: ,: ,: ,: ,: ,: ,: ,: ,: ,: ,: ,: ,: ,: ,: ,: ,: ,: ,: ,: ,: ,: 
NR,DIE,CC1400-1999,ES,306606 ,402648 ,477747 ,581819 ,610297 ,591525 ,498709 ,: ,401320 d,466161 d,568799 d,545385 d,638494 d,882729 d,881795 d,: ,: ,: ,: ,: ,: ,: ,: ,: ,: ,: ,: ,: ,: ,: ,: ,: ,: ,: ,: ,: ,: ,: ,: ,: ,: ,: ,: ,: 
NR,DIE,CC1400-1999,FI,12080 ,18966 ,25076 ,30807 ,32334 ,30874 ,31775 ,28658 ,31297 ,38985 ,33084 ,27444 d,48211 d,20213 d,14506 d,: ,13852 d,14038 d,10989 d,12054 d,19148 d,16265 d,14291 d,9898 d,8638 d,: ,: ,: ,: ,: ,: ,: ,: ,: ,: ,: ,: ,: ,: ,: ,: ,: ,: ,: 
NR,DIE,CC1400-1999,FR,511713 ,712026 ,770353 ,902213 ,945161 ,974801 ,990430 ,1014307 ,1108659 ,1258919 ,1222936 ,1238221 ,1238404 ,1161108 ,1069478 d,1084979 ,1038329 ,1020011 ,1076667 ,1094583 ,913342 ,808297 ,622215 ,: ,: ,: ,: ,: ,: ,: ,: ,: ,: ,: ,: ,: ,: ,: ,: ,: ,: ,: ,: ,: 
NR,DIE,CC1400-1999,HR,54877 ,85070 ,83625 ,61037 ,62581 ,46988 ,41150 ,24463 ,18278 ,19725 ,15433 ,14865 ,25295 ,34309 ,: ,: ,: ,: ,: ,: ,: ,: ,: ,: ,: ,: ,: ,: ,: ,: ,: ,: ,: ,: ,: ,: ,: ,: ,: ,: ,: ,: ,: ,: 
NR,DIE,CC1400-1999,HU,28638 ,28216 ,27943 ,31829 ,29898 ,25651 ,23800 ,20215 ,: ,: ,: ,: ,46118 ,27431 ,24145 ,: ,22550 ,14148 ,10375 ,8135 ,5763 ,3640 ,: ,: ,: ,: ,: ,: ,: ,: ,: ,: ,: ,: ,: ,: ,: ,: ,: ,: ,: ,: ,: ,: 
NR,DIE,CC1400-1999,IE,38941 ,54922 ,63303 ,77240 ,92526 ,78266 ,50377 ,44253 ,46886 ,58335 ,54924 ,27210 ,40013 ,: ,: ,: ,: ,: ,: ,: ,: ,: ,: ,: ,: ,: ,: ,: ,: ,: ,: ,: ,: ,: ,: ,: ,: ,: ,: ,: ,: ,: ,: ,: 
NR,DIE,CC1400-1999,IS,: ,: ,: ,: ,: ,: ,: ,: ,: ,: ,: ,: ,: ,: ,: ,1328 ,329 e,124 ,92 ,60 ,107 ,126 ,: ,: ,: ,: ,: ,: ,: ,: ,: ,: ,: ,: ,: ,: ,: ,: ,: ,: ,: ,: ,: ,: 
NR,DIE,CC1400-1999,IT,475838 ,736135 ,924059 ,1044911 ,977056 ,804665 ,678226 ,617719 ,644373 ,849256 d,794846 d,794727 ,954513 d,1198415 d,1279553 d,1251477 d,1355963 d,994796 d,761574 d,: ,: ,: ,: ,: ,: ,: ,: ,: ,: ,: ,: ,: ,: ,: ,: ,: ,: ,: ,: ,: ,: ,: ,: ,: 
NR,DIE,CC1400-1999,LI,314 ,500 ,437 ,596 ,684 ,644 ,498 ,577 ,595 ,456 ,401 ,269 ,362 ,350 ,320 ,: ,300 ,290 ,: ,: ,: ,: ,: ,: ,: ,: ,: ,: ,: ,: ,: ,: ,: ,: ,: ,: ,: ,: ,: ,: ,: ,: ,: ,: 
NR,DIE,CC1400-1999,LT,: ,59516 ,68375 ,65618 ,61158 ,60192 ,63746 ,69632 ,72679 ,67595 ,75017 ,50719 d,56636 ,66315 ,43556 ,28095 ,19701 ,16552 d,: ,: ,: ,: ,: ,: ,: ,: ,: ,: ,: ,: ,: ,: ,: ,: ,: ,: ,: ,: ,: ,: ,: ,: ,: ,: 
NR,DIE,CC1400-1999,LU,: ,: ,: ,: ,: ,: ,: ,: ,: ,: ,: ,25507 ,29098 ,23272 ,26806 ,25864 ,23774 ,19117 ,19418 ,: ,: ,: ,: ,: ,: ,: ,: ,: ,: ,: ,: ,: ,: ,: ,: ,: ,: ,: ,: ,: ,: ,: ,: ,: 
NR,DIE,CC1400-1999,LV,4228 ,6000 ,5710 ,5867 ,5803 ,4825 ,4804 ,: ,: ,: ,: ,: ,: ,: ,: ,: ,: ,: ,: ,: ,: ,: ,: ,: ,: ,: ,: ,: ,: ,: ,: ,: ,: ,: ,: ,: ,: ,: ,: ,: ,: ,: ,: ,: 
NR,DIE,CC1400-1999,ME,: ,986 ,1346 ,1445 ,1087 ,: ,: ,: ,: ,: ,: ,: ,: ,: ,: ,: ,: ,: ,: ,: ,: ,: ,: ,: ,: ,: ,: ,: ,: ,: ,: ,: ,: ,: ,: ,: ,: ,: ,: ,: ,: ,: ,: ,: 
NR,DIE,CC1400-1999,MK,: ,: ,: ,: ,: ,: ,: ,17346 ,: ,: ,: ,: ,: ,: ,: ,: ,: ,: ,: ,: ,: ,: ,: ,: ,: ,: ,: ,: ,: ,: ,: ,: ,: ,: ,: ,: ,: ,: ,: ,: ,: ,: ,: ,: 
NR,DIE,CC1400-1999,MT,1021 ,1971 ,2194 ,2368 ,2300 ,2247 ,4267 ,3723 ,3589 ,4039 ,2616 ,2422 ,936 ,952 ,956 ,969 ,: ,: ,4684 ,5007 ,5840 ,3570 ,: ,: ,: ,: ,: ,: ,: ,: ,: ,: ,: ,: ,: ,: ,: ,: ,: ,: ,: ,: ,: ,: 
NR,DIE,CC1400-1999,NO,14044 ,21804 ,24299 ,32274 ,37722 ,: ,: ,: ,: ,: ,: ,: ,: ,: ,: ,: ,: ,: ,: ,: ,: ,: ,: ,: ,: ,: ,: ,: ,: ,: ,: ,: ,: ,: ,: ,: ,: ,: ,: ,: ,: ,: ,: ,: 
NR,DIE,CC1400-1999,PL,347273 ,418506 ,446961 ,414158 ,435470 ,392817 ,387427 ,387397 ,379443 ,413651 ,408270 ,396307 ,505474 ,362888 ,234322 ,203772 ,117565 ,31444 ,: ,: ,: ,: ,: ,: ,: ,: ,: ,: ,: ,: ,: ,: ,: ,: ,: ,: ,: ,: ,: ,: ,: ,: ,: ,: 
NR,DIE,CC1400-1999,PT,: ,82108 ,108032 e,121014 e,: ,: ,: ,: ,: ,: ,: ,: ,: ,: ,: ,: ,: ,: ,: ,: ,: ,: ,: ,: ,: ,: ,: ,: ,: ,: ,: ,: ,: ,: ,: ,: ,: ,: ,: ,: ,: ,: ,: ,: 
NR,DIE,CC1400-1999,RO,32224 ,39786 ,47373 ,47331 ,41705 ,37003 ,32123 ,24440 ,26698 d,52655 ,92598 d,: ,: ,: ,: ,: ,: ,: ,: ,: ,: ,: ,: ,: ,: ,: ,: ,: ,: ,: ,: ,: ,: ,: ,: ,: ,: ,: ,: ,: ,: ,: ,: ,: 
NR,DIE,CC1400-1999,SE,60053 ,109353 ,112577 ,144428 ,141719 ,140875 ,131121 ,124960 ,148023 ,146037 ,107784 ,55856 b,56051 u,61354 u,29848 u,13220 u,: ,: ,: ,: ,: ,: ,: ,: ,: ,: ,: ,: ,: ,: ,: ,: ,: ,: ,: ,: ,: ,: ,: ,: ,: ,: ,: ,: 
NR,DIE,CC1400-1999,SI,16503 ,20614 ,21865 ,29551 ,29714 ,28242 ,26916 ,25174 ,22156 ,22881 ,19799 ,16368 ,21562 ,22250 ,19515 ,21936 ,: ,20630 ,13402 ,7607 ,4314 ,6392 ,4730 ,3650 ,: ,: ,: ,: ,: ,: ,: ,: ,: ,: ,: ,: ,: ,: ,: ,: ,: ,: ,: ,: 
NR,DIE,CC1400-1999,TR,207605 ,193225 ,294804 ,402630 ,401150 ,387302 ,290666 ,281205 ,224397 ,224010 ,: ,: ,: ,: ,: ,: ,: ,: ,: ,: ,: ,: ,: ,: ,: ,: ,: ,: ,: ,: ,: ,: ,: ,: ,: ,: ,: ,: ,: ,: ,: ,: ,: ,: 
NR,DIE,CC1400-1999,UK,: ,: ,585287 ,843242 ,1019066 ,967675 ,: ,: ,: ,698717 d,665933 d,562638 d,638478 d,: c,: c,: ,572967 ,497042 ,473083 ,362431 ,260626 ,: ,269090 ,270095 ,: ,: ,: ,: ,: ,: ,: ,: ,: ,: ,: ,: ,: ,: ,: ,: ,: ,: ,: ,: 
NR,DIE,CC1400-1999,XK,: ,17368 ,5914 ,12896 ,: ,: ,: ,: ,: ,: ,: ,: ,: ,: ,: ,: ,: ,: ,: ,: ,: ,: ,: ,: ,: ,: ,: ,: ,: ,: ,: ,: ,: ,: ,: ,: ,: ,: ,: ,: ,: ,: ,: ,: 
NR,DIE,CC_GE2000,AT,7033 ,13408 ,18255 ,21456 ,21937 ,22831 ,24351 ,24737 ,23585 ,24711 ,22200 ,23394 ,27486 ,33209 ,36345 ,: ,36434 ,38612 ,36452 ,34661 ,35597 ,33411 ,: ,: ,: ,: ,: ,: ,: ,: ,: ,: ,: ,: ,: ,: ,: ,: ,: ,: ,: ,: ,: ,: 
NR,DIE,CC_GE2000,BA,3614 ,7682 ,6889 ,5949 ,: ,: ,: ,: ,: ,: ,: ,: ,: ,: ,: ,: ,: ,: ,: ,: ,: ,: ,: ,: ,: ,: ,: ,: ,: ,: ,: ,: ,: ,: ,: ,: ,: ,: ,: ,: ,: ,: ,: ,: 
NR,DIE,CC_GE2000,BE,8597 ,14526 ,21924 ,24561 ,28504 ,33215 ,32980 ,32545 ,36021 ,: ,39999 ,40699 ,52425 ,54719 ,52332 ,44302 ,49205 ,: ,: ,: ,: ,: ,: ,: ,: ,: ,: ,: ,: ,: ,: ,: ,: ,: ,: ,: ,: ,: ,: ,: ,: ,: ,: ,: 
NR,DIE,CC_GE2000,CH,8700 ,15100 ,20600 ,27800 ,32800 ,36100 ,34100 ,33800 ,36000 ,31400 e,26000 ,24900 e,28900 ,30700 ,27800 ,22976 ,23857 ,: ,: ,: ,: ,: ,: ,: ,: ,: ,: ,: ,: ,: ,: ,: ,: ,: ,: ,: ,: ,: ,: ,: ,: ,: ,: ,: 
NR,DIE,CC_GE2000,CY,243 ,357 ,578 ,639 ,682 ,662 ,711 ,358 ,1526 ,2158 ,2586 ,3139 ,3399 ,2250 ,446 ,420 ,: ,: ,: ,: ,: ,: ,: ,: ,: ,: ,: ,: ,: ,: ,: ,: ,: ,: ,: ,: ,: ,: ,: ,: ,: ,: ,: ,: 
NR,DIE,CC_GE2000,DE,145474 ,183795 ,244504 ,313443 ,362227 ,382065 ,365138 ,349165 ,365806 ,383111 ,326683 ,333744 ,410496 ,455683 ,465254 ,424930 ,457150 ,: ,: ,: ,: ,: ,: ,: ,: ,: ,: ,: ,: ,: ,: ,: ,: ,: ,: ,: ,: ,: ,: ,: ,: ,: ,: ,: 
NR,DIE,CC_GE2000,EE,651 ,867 ,1031 ,1198 ,1378 ,1405 ,2036 ,1719 ,1775 ,1440 ,717 ,1014 ,2343 ,3439 ,2766 ,: ,1353 ,1176 ,872 ,604 ,523 ,: ,: ,: ,: ,: ,: ,: ,: ,: ,: ,: ,: ,: ,: ,: ,: ,: ,: ,: ,: ,: ,: ,: 
NR,DIE,CC_GE2000,EL,: ,: ,: ,: ,: ,: ,: ,: ,: ,: ,: ,: ,: ,: ,: ,: ,: ,1702 ,728 ,704 ,576 ,444 ,: ,: ,: ,: ,: ,: ,: ,: ,: ,: ,: ,: ,: ,: ,: ,: ,: ,: ,: ,: ,: ,: 
NR,DIE,CC_GE2000,ES,21001 ,40345 ,63343 ,74319 ,72082 ,64636 ,47793 ,: ,37827 d,48005 d,63506 d,63356 d,93284 d,143362 d,148220 d,: ,: ,: ,: ,: ,: ,: ,: ,: ,: ,: ,: ,: ,: ,: ,: ,: ,: ,: ,: ,: ,: ,: ,: ,: ,: ,: ,: ,: 
NR,DIE,CC_GE2000,FI,2485 ,3055 ,3969 ,5329 ,7049 ,7755 ,9202 ,9456 ,10957 ,13069 ,12242 ,12375 d,17708 d,14259 d,14013 d,: ,7834 d,7947 d,6849 d,5955 d,7177 d,5754 d,5422 d,5381 d,4309 d,: ,: ,: ,: ,: ,: ,: ,: ,: ,: ,: ,: ,: ,: ,: ,: ,: ,: ,: 
NR,DIE,CC_GE2000,FR,8838 ,34071 ,50992 ,65673 ,71767 ,74008 ,67184 ,69630 ,96347 ,96020 ,89486 ,98838 ,113964 ,179143 ,170487 d,: ,183637 ,206480 ,203995 ,168579 ,132448 ,139078 ,158768 ,: ,: ,: ,: ,: ,: ,: ,: ,: ,: ,: ,: ,: ,: ,: ,: ,: ,: ,: ,: ,: 
NR,DIE,CC_GE2000,HR,4823 ,7631 ,7325 ,5059 ,7372 ,5992 ,5748 ,4487 ,3405 ,3393 ,3468 ,4707 ,7187 ,9562 ,: ,: ,: ,: ,: ,: ,: ,: ,: ,: ,: ,: ,: ,: ,: ,: ,: ,: ,: ,: ,: ,: ,: ,: ,: ,: ,: ,: ,: ,: 
NR,DIE,CC_GE2000,HU,2954 ,4025 ,4451 ,4671 ,4364 ,5887 ,5233 ,4363 ,: ,: ,: ,: ,12158 ,6896 ,6186 ,: ,4206 ,3120 ,2393 ,1546 ,1011 ,754 ,: ,: ,: ,: ,: ,: ,: ,: ,: ,: ,: ,: ,: ,: ,: ,: ,: ,: ,: ,: ,: ,: 
NR,DIE,CC_GE2000,IE,2738 ,4830 ,5954 ,6696 ,6598 ,6987 ,5130 ,4261 ,4314 ,4755 ,6083 ,4036 ,14592 ,: ,: ,: ,: ,: ,: ,: ,: ,: ,: ,: ,: ,: ,: ,: ,: ,: ,: ,: ,: ,: ,: ,: ,: ,: ,: ,: ,: ,: ,: ,: 
NR,DIE,CC_GE2000,IS,: ,: ,: ,: ,: ,: ,: ,: ,: ,: ,: ,: ,: ,: ,: ,2616 ,1426 e,1261 ,826 ,980 ,2453 ,2633 ,: ,: ,: ,: ,: ,: ,: ,: ,: ,: ,: ,: ,: ,: ,: ,: ,: ,: ,: ,: ,: ,: 
NR,DIE,CC_GE2000,IT,29561 ,56916 ,75165 ,81888 ,75161 ,74281 ,67540 ,67385 ,78556 ,106766 ,103927 ,116208 ,157808 ,198012 ,222048 ,192421 ,238733 ,213226 ,156608 ,: ,: ,: ,: ,: ,: ,: ,: ,: ,: ,: ,: ,: ,: ,: ,: ,: ,: ,: ,: ,: ,: ,: ,: ,: 
NR,DIE,CC_GE2000,LI,108 ,163 ,206 ,243 ,290 ,290 ,295 ,271 ,317 ,283 ,265 ,221 ,313 ,390 ,330 ,: ,250 ,230 ,: ,: ,: ,: ,: ,: ,: ,: ,: ,: ,: ,: ,: ,: ,: ,: ,: ,: ,: ,: ,: ,: ,: ,: ,: ,: 
NR,DIE,CC_GE2000,LT,: ,33140 ,39651 ,42411 ,36932 ,35231 ,33949 ,37804 ,35266 ,28844 ,32812 ,23370 d,27551 ,33450 ,22339 ,14753 ,10303 ,7834 d,: ,: ,: ,: ,: ,: ,: ,: ,: ,: ,: ,: ,: ,: ,: ,: ,: ,: ,: ,: ,: ,: ,: ,: ,: ,: 
NR,DIE,CC_GE2000,LU,: ,: ,: ,: ,: ,: ,: ,: ,: ,: ,: ,6661 ,8414 ,9140 ,9400 ,8015 ,8913 ,8398 ,6919 ,: ,: ,: ,: ,: ,: ,: ,: ,: ,: ,: ,: ,: ,: ,: ,: ,: ,: ,: ,: ,: ,: ,: ,: ,: 
NR,DIE,CC_GE2000,LV,642 ,890 ,997 ,1303 ,1203 ,1824 ,1914 ,: ,: ,: ,: ,: ,: ,: ,: ,: ,: ,: ,: ,: ,: ,: ,: ,: ,: ,: ,: ,: ,: ,: ,: ,: ,: ,: ,: ,: ,: ,: ,: ,: ,: ,: ,: ,: 
NR,DIE,CC_GE2000,ME,: ,151 ,188 ,4 ,135 ,: ,: ,: ,: ,: ,: ,: ,: ,: ,: ,: ,: ,: ,: ,: ,: ,: ,: ,: ,: ,: ,: ,: ,: ,: ,: ,: ,: ,: ,: ,: ,: ,: ,: ,: ,: ,: ,: ,: 
NR,DIE,CC_GE2000,MK,: ,: ,: ,: ,: ,: ,: ,4645 ,: ,: ,: ,: ,: ,: ,: ,: ,: ,: ,: ,: ,: ,: ,: ,: ,: ,: ,: ,: ,: ,: ,: ,: ,: ,: ,: ,: ,: ,: ,: ,: ,: ,: ,: ,: 
NR,DIE,CC_GE2000,MT,35 ,92 ,175 ,209 ,254 ,303 ,1051 ,1032 ,1035 ,1150 ,784 ,597 ,290 ,280 ,288 ,303 ,: ,: ,283 ,384 ,306 ,393 ,: ,: ,: ,: ,: ,: ,: ,: ,: ,: ,: ,: ,: ,: ,: ,: ,: ,: ,: ,: ,: ,: 
NR,DIE,CC_GE2000,NO,5130 ,6587 ,9992 ,12199 ,15756 ,: ,: ,: ,: ,: ,: ,: ,: ,: ,: ,: ,: ,: ,: ,: ,: ,: ,: ,: ,: ,: ,: ,: ,: ,: ,: ,: ,: ,: ,: ,: ,: ,: ,: ,: ,: ,: ,: ,: 
NR,DIE,CC_GE2000,PL,55997 ,65699 ,72283 ,66630 ,71853 ,65301 ,60327 ,57317 ,50406 ,50941 ,49479 ,53933 ,117615 ,100014 ,68727 ,51210 ,: ,4288 ,: ,: ,: ,: ,: ,: ,: ,: ,: ,: ,: ,: ,: ,: ,: ,: ,: ,: ,: ,: ,: ,: ,: ,: ,: ,: 
NR,DIE,CC_GE2000,PT,: ,3415 ,7249 e,8485 e,: ,: ,: ,: ,: ,: ,: ,: ,: ,: ,: ,: ,: ,: ,: ,: ,: ,: ,: ,: ,: ,: ,: ,: ,: ,: ,: ,: ,: ,: ,: ,: ,: ,: ,: ,: ,: ,: ,: ,: 
NR,DIE,CC_GE2000,RO,2739 ,4288 ,5939 ,6242 ,6225 ,6305 ,5974 ,5210 ,5663 d,9796 d,15032 d,: ,: ,: ,: ,: ,: ,: ,: ,: ,: ,: ,: ,: ,: ,: ,: ,: ,: ,: ,: ,: ,: ,: ,: ,: ,: ,: ,: ,: ,: ,: ,: ,: 
NR,DIE,CC_GE2000,SE,7840 ,13842 ,25399 ,46635 ,59572 ,62528 ,54258 ,46057 ,39542 ,39767 ,37459 ,29962 b,30801 u,45736 u,28444 u,16017 u,: ,: ,: ,: ,: ,: ,: ,: ,: ,: ,: ,: ,: ,: ,: ,: ,: ,: ,: ,: ,: ,: ,: ,: ,: ,: ,: ,: 
NR,DIE,CC_GE2000,SI,414 ,833 ,1561 ,2256 ,2244 ,2223 ,1691 ,1678 ,1757 ,2185 ,2259 ,2883 ,4784 ,5212 ,3765 ,2681 ,: ,2180 ,1698 ,1246 ,904 ,1501 ,1072 ,1206 ,: ,: ,: ,: ,: ,: ,: ,: ,: ,: ,: ,: ,: ,: ,: ,: ,: ,: ,: ,: 
NR,DIE,CC_GE2000,TR,2745 ,2789 ,3400 ,6245 ,8012 ,10151 ,8161 ,9343 ,8273 d,12137 d,: ,: ,: ,: ,: ,: ,: ,: ,: ,: ,: ,: ,: ,: ,: ,: ,: ,: ,: ,: ,: ,: ,: ,: ,: ,: ,: ,: ,: ,: ,: ,: ,: ,: 
NR,DIE,CC_GE2000,UK,: ,: ,147762 ,199893 ,234957 ,269073 ,: ,: ,: ,201186 d,190549 d,191706 d,206906 d,: c,: c,: ,224129 ,184812 ,133780 ,95619 ,68422 ,: ,69325 ,68533 ,: ,: ,: ,: ,: ,: ,: ,: ,: ,: ,: ,: ,: ,: ,: ,: ,: ,: ,: ,: 
NR,DIE,CC_GE2000,XK,: ,4464 ,1543 ,3222 ,: ,: ,: ,: ,: ,: ,: ,: ,: ,: ,: ,: ,: ,: ,: ,: ,: ,: ,: ,: ,: ,: ,: ,: ,: ,: ,: ,: ,: ,: ,: ,: ,: ,: ,: ,: ,: ,: ,: ,: 
NR,DIE,CC_LT1400,AT,193 ,374 ,1896 ,4154 ,4858 ,6454 ,5789 ,7592 ,8238 ,8360 ,7648 ,5829 ,8751 ,11536 ,15913 ,: ,0 ,: ,: ,: ,: ,: ,: ,: ,: ,: ,: ,: ,: ,: ,: ,: ,: ,: ,: ,: ,: ,: ,: ,: ,: ,: ,: ,: 
NR,DIE,CC_LT1400,BA,1702 ,2423 ,2481 ,2266 ,: ,: ,: ,: ,: ,: ,: ,: ,: ,: ,: ,: ,: ,: ,: ,: ,: ,: ,: ,: ,: ,: ,: ,: ,: ,: ,: ,: ,: ,: ,: ,: ,: ,: ,: ,: ,: ,: ,: ,: 
NR,DIE,CC_LT1400,BE,319 ,388 ,1697 ,3504 ,5976 ,9572 ,15272 ,21471 ,29077 ,: ,50964 ,47014 ,59494 ,62236 ,63803 ,47287 ,48468 ,: ,: ,: ,: ,: ,: ,: ,: ,: ,: ,: ,: ,: ,: ,: ,: ,: ,: ,: ,: ,: ,: ,: ,: ,: ,: ,: 
NR,DIE,CC_LT1400,CH,0 ,100 ,200 ,300 ,500 ,1100 ,1600 ,2100 ,2600 ,2600 e,2100 ,2400 e,2900 ,3300 ,4000 ,2973 ,2908 ,: ,: ,: ,: ,: ,: ,: ,: ,: ,: ,: ,: ,: ,: ,: ,: ,: ,: ,: ,: ,: ,: ,: ,: ,: ,: ,: 
NR,DIE,CC_LT1400,CY,22 ,31 ,153 ,105 ,96 ,142 ,194 ,109 ,272 ,279 ,312 ,263 ,282 ,303 ,103 ,92 ,: ,: ,: ,: ,: ,: ,: ,: ,: ,: ,: ,: ,: ,: ,: ,: ,: ,: ,: ,: ,: ,: ,: ,: ,: ,: ,: ,: 
NR,DIE,CC_LT1400,DE,111 ,251 ,1315 ,3950 ,7009 ,10333 ,14373 ,26383 ,28357 ,33713 ,26265 ,30497 ,37564 ,47237 ,50959 ,46952 ,59138 ,: ,: ,: ,: ,: ,: ,: ,: ,: ,: ,: ,: ,: ,: ,: ,: ,: ,: ,: ,: ,: ,: ,: ,: ,: ,: ,: 
NR,DIE,CC_LT1400,EE,0 ,5 ,75 ,48 ,73 ,163 ,187 ,161 ,237 ,146 ,91 ,126 ,168 ,280 ,287 ,: ,132 ,170 ,70 ,0 ,0 ,: ,: ,: ,: ,: ,: ,: ,: ,: ,: ,: ,: ,: ,: ,: ,: ,: ,: ,: ,: ,: ,: ,: 
NR,DIE,CC_LT1400,EL,: ,: ,: ,: ,: ,: ,: ,: ,: ,: ,: ,: ,: ,: ,: ,: ,: ,9 ,3 ,3 ,1 ,0 ,: ,: ,: ,: ,: ,: ,: ,: ,: ,: ,: ,: ,: ,: ,: ,: ,: ,: ,: ,: ,: ,: 
NR,DIE,CC_LT1400,ES,4595 ,6265 ,11498 ,24437 ,33164 ,38000 ,43858 ,: ,45896 d,53808 d,67885 d,63501 d,78844 d,108016 d,112051 d,: ,: ,: ,: ,: ,: ,: ,: ,: ,: ,: ,: ,: ,: ,: ,: ,: ,: ,: ,: ,: ,: ,: ,: ,: ,: ,: ,: ,: 
NR,DIE,CC_LT1400,FI,2 ,1 ,26 ,80 ,173 ,215 ,425 ,583 ,788 ,1091 ,1425 ,2154 d,3385 d,1313 d,993 d,: ,416 d,375 d,357 d,6 d,: ,: ,0 d,1 d,0 d,: ,: ,: ,: ,: ,: ,: ,: ,: ,: ,: ,: ,: ,: ,: ,: ,: ,: ,: 
NR,DIE,CC_LT1400,FR,514 ,1837 ,6154 ,11609 ,15767 ,40594 ,71839 ,98192 ,149712 ,203040 ,243292 ,260773 ,232070 ,185188 ,187732 d,: ,170959 ,127423 ,74271 ,4599 ,695 ,114 ,: ,: ,: ,: ,: ,: ,: ,: ,: ,: ,: ,: ,: ,: ,: ,: ,: ,: ,: ,: ,: ,: 
NR,DIE,CC_LT1400,HR,3272 ,5642 ,6236 ,5289 ,4468 ,3827 ,3963 ,2096 ,1543 ,1461 ,859 ,810 ,2050 ,2669 ,: ,: ,: ,: ,: ,: ,: ,: ,: ,: ,: ,: ,: ,: ,: ,: ,: ,: ,: ,: ,: ,: ,: ,: ,: ,: ,: ,: ,: ,: 
NR,DIE,CC_LT1400,HU,14 ,58 ,261 ,539 ,438 ,733 ,1186 ,1191 ,: ,: ,: ,: ,7063 ,5794 ,7863 ,: ,5915 ,3975 ,2550 ,509 ,658 ,292 ,: ,: ,: ,: ,: ,: ,: ,: ,: ,: ,: ,: ,: ,: ,: ,: ,: ,: ,: ,: ,: ,: 
NR,DIE,CC_LT1400,IE,9 ,127 ,1475 ,3704 ,6133 ,7183 ,6410 ,5914 ,6647 ,8870 ,5152 ,3063 ,4180 ,: ,: ,: ,: ,: ,: ,: ,: ,: ,: ,: ,: ,: ,: ,: ,: ,: ,: ,: ,: ,: ,: ,: ,: ,: ,: ,: ,: ,: ,: ,: 
NR,DIE,CC_LT1400,IS,: ,: ,: ,: ,: ,: ,: ,: ,: ,: ,: ,: ,: ,: ,: ,48 ,0 ,: ,: ,: ,: ,: ,: ,: ,: ,: ,: ,: ,: ,: ,: ,: ,: ,: ,: ,: ,: ,: ,: ,: ,: ,: ,: ,: 
NR,DIE,CC_LT1400,IT,7 ,316 ,1270 ,3635 ,6669 ,8128 ,12129 ,22537 ,23784 ,18880 d,7782 d,3658 d,7148 d,7054 d,6943 d,9294 d,10455 d,11324 d,10019 d,: ,: ,: ,: ,: ,: ,: ,: ,: ,: ,: ,: ,: ,: ,: ,: ,: ,: ,: ,: ,: ,: ,: ,: ,: 
NR,DIE,CC_LT1400,LI,0 ,0 ,1 ,10 ,11 ,3 ,7 ,10 ,11 ,15 ,12 ,9 ,15 ,20 ,20 ,: ,30 ,30 ,: ,: ,: ,: ,: ,: ,: ,: ,: ,: ,: ,: ,: ,: ,: ,: ,: ,: ,: ,: ,: ,: ,: ,: ,: ,: 
NR,DIE,CC_LT1400,LT,: ,1484 ,2046 ,2299 ,2405 ,2390 ,2615 ,2966 ,2351 ,2503 ,3016 ,1409 d,1587 ,1291 ,664 ,268 ,199 ,232 d,: ,: ,: ,: ,: ,: ,: ,: ,: ,: ,: ,: ,: ,: ,: ,: ,: ,: ,: ,: ,: ,: ,: ,: ,: ,: 
NR,DIE,CC_LT1400,LU,: ,: ,: ,: ,: ,: ,: ,: ,: ,: ,: ,2312 ,2801 ,7341 ,3074 ,2682 ,2317 ,1369 ,815 ,: ,: ,: ,: ,: ,: ,: ,: ,: ,: ,: ,: ,: ,: ,: ,: ,: ,: ,: ,: ,: ,: ,: ,: ,: 
NR,DIE,CC_LT1400,LV,0 ,3 ,100 ,276 ,281 ,274 ,311 ,: ,: ,: ,: ,: ,: ,: ,: ,: ,: ,: ,: ,: ,: ,: ,: ,: ,: ,: ,: ,: ,: ,: ,: ,: ,: ,: ,: ,: ,: ,: ,: ,: ,: ,: ,: ,: 
NR,DIE,CC_LT1400,ME,: ,27 ,65 ,65 ,66 ,: ,: ,: ,: ,: ,: ,: ,: ,: ,: ,: ,: ,: ,: ,: ,: ,: ,: ,: ,: ,: ,: ,: ,: ,: ,: ,: ,: ,: ,: ,: ,: ,: ,: ,: ,: ,: ,: ,: 
NR,DIE,CC_LT1400,MK,: ,: ,: ,: ,: ,: ,: ,787 ,: ,: ,: ,: ,: ,: ,: ,: ,: ,: ,: ,: ,: ,: ,: ,: ,: ,: ,: ,: ,: ,: ,: ,: ,: ,: ,: ,: ,: ,: ,: ,: ,: ,: ,: ,: 
NR,DIE,CC_LT1400,MT,6 ,25 ,43 ,39 ,49 ,162 ,450 ,512 ,663 ,839 ,516 ,406 ,214 ,417 ,387 ,474 ,: ,: ,442 ,36 ,56 ,9 ,: ,: ,: ,: ,: ,: ,: ,: ,: ,: ,: ,: ,: ,: ,: ,: ,: ,: ,: ,: ,: ,: 
NR,DIE,CC_LT1400,NO,4 ,7 ,14 ,25 ,38 ,: ,: ,: ,: ,: ,: ,: ,: ,: ,: ,: ,: ,: ,: ,: ,: ,: ,: ,: ,: ,: ,: ,: ,: ,: ,: ,: ,: ,: ,: ,: ,: ,: ,: ,: ,: ,: ,: ,: 
NR,DIE,CC_LT1400,PL,10238 ,14408 ,17556 ,19324 ,23225 ,22888 ,23213 ,23383 ,20978 ,23413 ,22028 ,20971 ,25920 ,20281 ,17277 ,12313 ,5850 ,3094 ,: ,: ,: ,: ,: ,: ,: ,: ,: ,: ,: ,: ,: ,: ,: ,: ,: ,: ,: ,: ,: ,: ,: ,: ,: ,: 
NR,DIE,CC_LT1400,PT,: ,5914 ,8778 e,9742 e,: ,: ,: ,: ,: ,: ,: ,: ,: ,: ,: ,: ,: ,: ,: ,: ,: ,: ,: ,: ,: ,: ,: ,: ,: ,: ,: ,: ,: ,: ,: ,: ,: ,: ,: ,: ,: ,: ,: ,: 
NR,DIE,CC_LT1400,RO,0 ,4 ,307 ,605 ,766 ,1596 ,1699 ,1851 ,2292 ,5649 ,5407 ,: ,: ,: ,: ,: ,: ,: ,: ,: ,: ,: ,: ,: ,: ,: ,: ,: ,: ,: ,: ,: ,: ,: ,: ,: ,: ,: ,: ,: ,: ,: ,: ,: 
NR,DIE,CC_LT1400,SE,88 ,513 ,690 ,1128 ,1092 ,3688 ,3619 ,5468 ,8239 ,9341 ,9024 ,5357 b,2686 u,1368 u,488 u,200 u,: ,: ,: ,: ,: ,: ,: ,: ,: ,: ,: ,: ,: ,: ,: ,: ,: ,: ,: ,: ,: ,: ,: ,: ,: ,: ,: ,: 
NR,DIE,CC_LT1400,SI,1 ,52 ,451 ,603 ,631 ,566 ,1156 ,1164 ,934 ,704 ,541 ,694 ,1140 ,1737 ,1522 ,1880 ,: ,1509 ,523 ,15 ,11 ,58 ,13 ,0 ,: ,: ,: ,: ,: ,: ,: ,: ,: ,: ,: ,: ,: ,: ,: ,: ,: ,: ,: ,: 
NR,DIE,CC_LT1400,TR,37276 ,15947 ,22248 ,48194 ,51667 ,64738 ,65415 ,93356 ,107275 ,126329 ,: ,: ,: ,: ,: ,: ,: ,: ,: ,: ,: ,: ,: ,: ,: ,: ,: ,: ,: ,: ,: ,: ,: ,: ,: ,: ,: ,: ,: ,: ,: ,: ,: ,: 
NR,DIE,CC_LT1400,UK,: ,: ,2467 ,5745 ,10283 ,20399 ,: ,: ,: ,58633 d,56657 d,61111 d,67849 d,: c,: c,: ,49927 ,46401 ,29932 ,2599 ,1947 ,: ,980 ,1039 ,: ,: ,: ,: ,: ,: ,: ,: ,: ,: ,: ,: ,: ,: ,: ,: ,: ,: ,: ,: 
NR,DIE,CC_LT1400,XK,: ,755 ,257 ,450 ,: ,: ,: ,: ,: ,: ,: ,: ,: ,: ,: ,: ,: ,: ,: ,: ,: ,: ,: ,: ,: ,: ,: ,: ,: ,: ,: ,: ,: ,: ,: ,: ,: ,: ,: ,: ,: ,: ,: ,: 
NR,DIE,TOTAL,AL,32953 ,: ,: ,: ,: ,: ,: ,: ,: ,: ,: ,: ,: ,: ,: ,: ,: ,: ,: ,: ,: ,: ,: ,: ,: ,: ,: ,: ,: ,: ,: ,: ,: ,: ,: ,: ,: ,: ,: ,: ,: ,: ,: ,: 
NR,DIE,TOTAL,AT,99196 ,130468 ,141159 ,175590 ,189139 ,180510 ,172574 ,181061 ,189622 ,194721 ,167130 ,146962 ,160459 ,176746 ,191766 ,: ,220255 ,214505 ,194555 ,192681 ,191281 ,180228 ,161297 ,146503 ,151846 ,119191 ,: ,: ,: ,: ,: ,: ,: ,: ,: ,: ,: ,: ,: ,: ,: ,: ,: ,: 
NR,DIE,TOTAL,BA,35570 ,60649 ,55234 ,43707 ,48599 ,: ,: ,: ,: ,: ,: ,: ,: ,: ,: ,: ,: ,: ,: ,: ,: ,: ,: ,: ,: ,: ,: ,: ,: ,: ,: ,: ,: ,: ,: ,: ,: ,: ,: ,: ,: ,: ,: ,: 
NR,DIE,TOTAL,BE,151970 ,179716 ,202272 ,259790 ,285653 ,305838 ,303953 ,319863 ,339217 ,435527 ,419406 ,361638 ,426992 ,408255 ,396234 ,352380 ,342760 ,316420 ,304496 ,313647 ,298854 ,273898 ,243185 ,: ,188645 ,175967 ,176045 ,150874 ,159880 ,: ,: ,: ,: ,: ,: ,: ,: ,: ,: ,: ,: ,: ,: ,: 
NR,DIE,TOTAL,CH,57500 ,83500 ,91300 ,114100 ,125600 ,129000 ,113300 ,116600 ,125000 ,109300 p,90500 ,78800 e,93400 ,92300 ,80900 ,74114 ,69280 ,57912 ,52097 ,41716 ,28983 ,20719 ,16632 ,13428 ,12601 ,10696 ,11786 ,8375 ,7997 ,7170 ,8479 ,9003 ,: ,: ,: ,: ,: ,: ,: ,: ,: ,: ,: ,: 
NR,DIE,TOTAL,CY,3065 ,4532 ,5264 ,5450 ,5327 ,4157 ,3184 ,1255 ,3681 ,4962 ,5878 ,6340 ,6312 ,4094 ,1424 ,1293 ,1064 ,1343 ,2235 ,3064 ,2626 ,3657 ,5164 ,3622 ,2784 ,1898 ,1245 ,995 ,1466 ,1858 ,1658 ,: ,: ,: ,: ,: ,: ,: ,: ,: ,: ,: ,: ,: 
NR,DIE,TOTAL,DE,819896 ,1152733 ,1111130 ,1336776 ,1539596 ,1538451 ,1452565 ,1403113 ,1486119 ,1495966 ,1221938 ,1168633 ,1361457 ,1501566 ,1535881 ,1425576 ,1437346 ,1292727 ,1236213 ,1155324 ,1026002 ,852849 ,657480 ,525294 ,524599 ,483517 ,543764 ,476534 ,588592 ,: ,: ,: ,: ,: ,: ,: ,: ,: ,: ,: ,: ,: ,: ,: 
NR,DIE,TOTAL,DK,45807 ,60369 ,72475 ,77495 ,80216 ,64203 ,59544 ,57435 ,: ,: ,: ,: ,102017 ,134831 ,41750 ,: ,: ,: ,: ,: ,: ,: ,: ,: ,: ,: ,: ,: ,: ,: ,: ,: ,: ,: ,: ,: ,: ,: ,: ,: ,: ,: ,: ,: 
NR,DIE,TOTAL,EE,5123 ,6414 ,6527 ,6409 ,6393 ,6949 ,7726 ,7345 ,6855 ,5625 ,3401 ,3479 ,6094 ,8522 ,6394 ,: ,3396 ,2895 ,2482 ,1847 ,1778 ,: ,: ,: ,: ,: ,: ,: ,: ,: ,: ,: ,: ,: ,: ,: ,: ,: ,: ,: ,: ,: ,: ,: 
NR,DIE,TOTAL,EL,: ,: ,: ,: ,: ,: ,: ,: ,: ,: ,: ,: ,: ,: ,: ,: ,: ,4851 ,2357 ,2427 ,2149 ,1918 ,2248 ,2946 ,3212 ,3247 ,2132 ,3305 ,: ,: ,: ,: ,: ,: ,: ,: ,: ,: ,: ,: ,: ,: ,: ,: 
NR,DIE,TOTAL,ES,332202 ,449258 ,552588 ,680575 ,715543 ,694161 ,590360 ,: ,485043 d,567974 d,700190 d,672242 d,810622 d,1134107 d,1142066 d,: ,: ,: ,805226 ,779869 ,785193 ,766752 ,620172 d,467577 ,369333 ,284547 ,244732 ,167316 ,: ,: ,: ,: ,: ,: ,: ,: ,: ,: ,: ,: ,: ,: ,: ,: 
NR,DIE,TOTAL,FI,14567 ,22022 ,29071 ,36216 ,39556 ,38844 ,41404 ,38697 ,43042 ,53147 ,46758 ,41970 d,69307 d,35784 d,29512 ,: ,22103 d,22362 d,18196 d,18016 d,26330 d,22025 d,19725 d,15280 d,12949 d,5504 ,3745 d,4370 d,3451 d,4486 d,7211 d,: ,: ,: ,: ,: ,: ,: ,: ,: ,: ,: ,: ,: 
NR,DIE,TOTAL,FR,521065 ,747934 ,827499 ,979495 ,1032695 ,1089403 ,1129453 ,1182129 ,1354866 ,1558156 ,1556353 ,1597832 ,1584438 ,1525439 ,1427697 d,1429037 ,1392925 ,1353914 ,1354933 ,1267761 ,1046485 ,947489 ,780983 ,716135 ,836535 ,897698 ,939952 ,783244 ,820638 ,780521 ,762054 ,678146 ,522384 ,384113 ,299425 ,264757 ,240367 ,191812 ,221309 ,215262 ,186036 ,145204 ,: ,: 
NR,DIE,TOTAL,HR,62972 ,98343 ,97276 ,71385 ,74421 ,56807 ,50861 ,31046 ,23226 ,24579 ,19760 ,20382 ,34532 ,46540 ,49917 ,48359 ,49733 ,46297 ,34759 ,33650 ,19580 ,19710 ,15648 ,21826 ,16924 ,18246 ,15210 ,15428 ,8621 ,: ,: ,: ,: ,: ,: ,: ,: ,: ,: ,: ,: ,: ,: ,: 
NR,DIE,TOTAL,HU,31606 ,32299 ,32655 ,37039 ,34700 ,32271 ,30219 ,25769 ,57114 ,41340 ,30403 ,: ,65339 ,40121 ,38167 ,: ,32671 ,21243 ,15318 ,10190 ,7432 ,4686 ,3753 ,2475 ,1822 ,2683 ,2443 ,5036 ,8481 ,: ,: ,: ,: ,: ,: ,: ,: ,: ,: ,: ,: ,: ,: ,: 
NR,DIE,TOTAL,IE,41688 ,: ,70732 ,87640 ,105257 ,92436 ,61917 ,54428 ,57847 ,71960 ,66159 ,34309 ,58785 ,61177 ,44010 ,36750 ,28208 ,25217 ,25132 ,20996 ,23331 ,19103 ,17326 ,14510 ,14637 ,13064 ,12990 ,9659 ,10567 ,: ,11760 ,: ,: ,: ,: ,8308 ,: ,: ,: ,: ,: ,: ,: ,: 
NR,DIE,TOTAL,IS,2327 ,4253 ,8219 ,11091 ,: ,: ,: ,: ,: ,: ,: ,: ,: ,: ,: ,3992 ,1755 e,1385 ,918 ,1040 ,2560 ,2759 ,2309 ,1581 ,998 ,579 ,339 ,269 ,: ,: ,: ,: ,: ,: ,: ,: ,: ,: ,: ,: ,: ,: ,: ,: 
NR,DIE,TOTAL,IT,505406 ,793367 ,: ,: ,: ,: ,: ,707641 ,746713 ,974902 ,906555 ,914593 ,1119469 ,1403481 ,1508544 ,1453192 ,1605151 ,1219346 ,928201 ,: ,: ,: ,536929 p,423711 ,286278 ,177558 ,: ,: ,: ,: ,: ,: ,: ,: ,: ,: ,: ,: ,: ,: ,: ,: ,: ,: 
NR,DIE,TOTAL,LI,422 ,663 ,644 ,849 ,985 ,937 ,800 ,858 ,923 ,754 ,678 ,499 ,690 ,760 ,670 ,: ,590 ,550 ,: ,: ,: ,0 ,0 ,0 ,0 ,0 ,: ,: ,: ,: ,: ,: ,: ,: ,: ,: ,: ,: ,: ,: ,: ,: ,: ,: 
NR,DIE,TOTAL,LT,7042 ,94151 ,110072 ,110328 ,100495 ,97813 ,100310 ,110402 ,110296 ,98942 ,110845 ,75498 d,85774 d,101056 ,66559 d,43116 ,30203 ,24618 d,23542 ,: ,: ,: ,: ,: ,: ,: ,: ,: ,: ,: ,: ,: ,: ,: ,: ,: ,: ,: ,: ,: ,: ,: ,: ,: 
NR,DIE,TOTAL,LU,: ,: ,: ,: ,: ,: ,: ,: ,: ,: ,: ,34480 ,40313 ,39753 ,39280 ,36561 ,35004 ,28884 ,27152 ,: ,: ,: ,: ,: ,: ,: ,: ,: ,: ,: ,: ,: ,: ,: ,: ,: ,: ,: ,: ,: ,: ,: ,: ,: 
NR,DIE,TOTAL,LV,4870 ,6893 ,6807 ,7446 ,7287 ,6923 ,7029 ,41502 ,36165 ,28976 ,15609 ,8531 ,23217 ,44528 ,37437 ,22813 ,19222 ,16938 ,12191 ,10322 ,7104 ,6648 ,9165 ,11335 ,5729 ,2043 ,: ,: ,: ,: ,: ,: ,: ,: ,: ,: ,: ,: ,: ,: ,: ,: ,: ,: 
NR,DIE,TOTAL,ME,: ,1164 ,1599 ,1662 ,1288 ,: ,: ,: ,: ,: ,: ,: ,: ,: ,: ,: ,: ,: ,: ,: ,: ,: ,: ,: ,: ,: ,: ,: ,: ,: ,: ,: ,: ,: ,: ,: ,: ,: ,: ,: ,: ,: ,: ,: 
NR,DIE,TOTAL,MK,: ,: ,: ,: ,: ,: ,: ,22778 ,: ,: ,: ,: ,: ,: ,: ,: ,: ,: ,: ,: ,: ,: ,: ,: ,: ,: ,: ,: ,: ,: ,: ,: ,: ,: ,: ,: ,: ,: ,: ,: ,: ,: ,: ,: 
NR,DIE,TOTAL,MT,1062 ,2088 ,2412 ,2616 ,2603 ,2712 ,5768 ,5267 ,5287 ,6028 ,3916 ,3425 ,1440 ,1649 ,1631 ,1746 ,: ,: ,5409 ,5427 ,6202 ,3972 ,2792 ,: ,: ,: ,: ,: ,: ,: ,: ,: ,: ,: ,: ,: ,: ,: ,: ,: ,: ,: ,: ,: 
NR,DIE,TOTAL,NL,12963 ,32685 ,56996 ,72265 ,72355 ,129768 ,105014 ,103557 ,142807 ,156834 ,98675 ,78332 ,125996 ,143357 ,130040 ,124509 ,: ,: ,: ,120944 ,134418 ,139581 ,110318 ,81610 ,: ,: ,: ,: ,: ,: ,: ,: ,: ,: ,: ,: ,: ,: ,: ,: ,: ,: ,: ,: 
NR,DIE,TOTAL,NO,19178 ,28398 ,34305 ,44498 ,53516 ,76985 ,76478 ,83067 ,113937 ,128559 ,121039 ,93316 ,100300 ,122856 ,73961 ,: ,46126 ,: ,: ,: ,: ,: ,: ,: ,11930 d,6028 d,: ,9109 d,5881 d,3509 d,2425 d,1148 ,: ,: ,: ,: ,: ,: ,: ,: ,: ,: ,: ,: 
NR,DIE,TOTAL,PL,413508 ,498613 ,536800 ,500112 ,530548 ,481006 ,470967 ,468097 ,450827 ,487915 ,479777 ,471211 ,649009 ,483183 ,320326 ,267295 ,147570 ,38844 ,: ,70124 ,59179 ,44440 ,34404 ,72032 ,76618 ,54902 ,: ,: ,: ,: ,: ,: ,: ,: ,: ,: ,: ,: ,: ,: ,: ,: ,: ,: 
NR,DIE,TOTAL,PT,: ,156627 ,124059 e,139241 e,: ,: ,: ,: ,: ,: ,: ,: ,: ,: ,: ,: ,: ,: ,: ,: ,: ,: ,: ,: ,: ,: ,: ,: ,: ,: ,: ,: ,: ,: ,: ,: ,: ,: ,: ,: ,: ,: ,: ,: 
NR,DIE,TOTAL,RO,34963 ,44078 ,53618 ,54178 ,48696 ,44904 ,39797 ,31501 ,34653 d,68110 d,113037 d,124399 d,255488 ,: ,: ,: ,: ,: ,: ,: ,: ,: ,: ,: ,: ,: ,: ,: ,: ,: ,: ,: ,: ,: ,: ,: ,: ,: ,: ,: ,: ,: ,: ,: 
NR,DIE,TOTAL,SE,67981 ,123708 ,138666 ,192191 ,202383 ,207091 ,188998 ,176485 ,195804 ,195145 ,154267 ,91175 ,89538 ,108458 ,58780 ,29437 ,23402 ,21096 ,18161 ,15383 ,27720 ,29319 ,40499 ,29940 ,14186 ,4855 ,5106 ,3981 ,1398 ,1702 ,1640 ,2245 ,: ,: ,: ,: ,: ,: ,: ,: ,: ,: ,: ,: 
NR,DIE,TOTAL,SI,16918 ,21499 ,23877 ,32410 ,32589 ,31031 ,29763 ,28016 ,24847 ,25770 ,22599 ,19945 ,27486 ,29199 ,24802 ,26497 ,28506 ,24319 ,15623 ,8868 ,5229 ,7951 ,5815 ,: ,: ,: ,: ,: ,: ,: ,: ,: ,: ,: ,: ,: ,: ,: ,: ,: ,: ,: ,: ,: 
NR,DIE,TOTAL,TR,247626 ,211961 ,320452 ,457069 ,460829 ,462191 ,364242 ,383904 ,340237 ,365760 ,257720 ,147030 ,168320 ,174119 ,183977 ,137276 ,84436 ,: ,: ,: ,: ,: ,: ,: ,: ,: ,: ,: ,: ,: ,: ,: ,: ,: ,: ,: ,: ,: ,: ,: ,: ,: ,: ,: 
NR,DIE,TOTAL,UK,: ,: ,736172 ,1049086 ,1264307 ,1257152 ,: ,: ,: ,958536 d,913139 d,815456 d,913235 d,: c,: c,: ,847023 ,728257 ,636795 ,460649 ,330995 ,312751 ,339395 ,339667 ,358400 ,395900 ,419820 ,332021 d,198738 d,: ,: ,: ,: ,: ,: ,: ,: ,: ,: ,: ,: ,: ,: ,: 
NR,DIE,TOTAL,XK,: ,22587 ,7714 ,16568 ,: ,: ,: ,: ,: ,: ,: ,: ,: ,: ,: ,: ,: ,: ,: ,: ,: ,: ,: ,: ,: ,: ,: ,: ,: ,: ,: ,: ,: ,: ,: ,: ,: ,: ,: ,: ,: ,: ,: ,: 
NR,PET,CC1400-1999,AT,37096 ,52932 ,46727 ,35331 ,26012 ,22704 ,23180 ,26627 ,28373 ,33260 ,38111 ,43264 ,34885 ,34895 ,30678 ,: ,25575 ,24810 ,26567 ,31200 ,42332 ,55725 ,: ,: ,: ,: ,: ,: ,: ,: ,: ,: ,: ,: ,: ,: ,: ,: ,: ,: ,: ,: ,: ,: 
NR,PET,CC1400-1999,BA,1543 ,4158 ,5663 ,5353 ,: ,: ,: ,: ,: ,: ,: ,: ,: ,: ,: ,: ,: ,: ,: ,: ,: ,: ,: ,: ,: ,: ,: ,: ,: ,: ,: ,: ,: ,: ,: ,: ,: ,: ,: ,: ,: ,: ,: ,: 
NR,PET,CC1400-1999,BE,94222 ,122145 ,102242 ,74288 ,62467 ,43675 ,43260 ,44145 ,37490 ,: ,29539 ,27429 ,28792 ,31761 ,35002 ,39630 ,46232 ,: ,: ,: ,: ,: ,: ,: ,: ,: ,: ,: ,: ,: ,: ,: ,: ,: ,: ,: ,: ,: ,: ,: ,: ,: ,: ,: 
NR,PET,CC1400-1999,CH,81300 ,108000 ,87100 ,73400 ,69500 ,68600 ,73300 ,75800 ,81900 ,87400 e,87400 ,83200 e,88800 ,91300 ,90100 ,92457 ,99687 ,: ,: ,: ,: ,: ,: ,: ,: ,: ,: ,: ,: ,: ,: ,: ,: ,: ,: ,: ,: ,: ,: ,: ,: ,: ,: ,: 
NR,PET,CC1400-1999,CY,3258 ,3507 ,3611 ,3085 ,2465 ,2088 ,2073 ,2863 ,8380 ,13113 ,15515 ,18418 ,26493 ,26282 ,18333 ,18964 ,: ,: ,: ,: ,: ,: ,: ,: ,: ,: ,: ,: ,: ,: ,: ,: ,: ,: ,: ,: ,: ,: ,: ,: ,: ,: ,: ,: 
NR,PET,CC1400-1999,DE,548883 ,895460 ,778278 ,606110 ,503437 ,451323 ,417978 ,440550 ,496124 ,548403 ,577684 ,824389 ,740276 ,718587 ,912717 ,937362 ,888812 ,: ,: ,: ,: ,: ,: ,: ,: ,: ,: ,: ,: ,: ,: ,: ,: ,: ,: ,: ,: ,: ,: ,: ,: ,: ,: ,: 
NR,PET,CC1400-1999,EE,6311 ,9752 ,9227 ,8686 ,7766 ,6672 ,6699 ,7403 ,7403 ,6610 ,4271 ,3928 ,12167 ,14855 ,11889 ,: ,7708 ,7622 ,7539 ,6676 ,5586 ,: ,: ,: ,: ,: ,: ,: ,: ,: ,: ,: ,: ,: ,: ,: ,: ,: ,: ,: ,: ,: ,: ,: 
NR,PET,CC1400-1999,EL,: ,: ,: ,: ,: ,: ,: ,: ,: ,: ,: ,: ,: ,: ,: ,: ,: ,111369 ,99711 ,95333 ,96610 ,78605 ,: ,: ,: ,: ,: ,: ,: ,: ,: ,: ,: ,: ,: ,: ,: ,: ,: ,: ,: ,: ,: ,: 
NR,PET,CC1400-1999,ES,196488 ,291598 ,227454 ,144443 ,93024 ,71640 ,60522 ,: ,63583 d,81587 d,81754 d,103397 d,157401 d,216365 d,225515 d,: ,: ,: ,: ,: ,: ,: ,: ,: ,: ,: ,: ,: ,: ,: ,: ,: ,: ,: ,: ,: ,: ,: ,: ,: ,: ,: ,: ,: 
NR,PET,CC1400-1999,FI,37174 ,40648 ,38420 ,28643 e,25596 ,24335 ,26065 ,30057 ,32238 ,36198 ,34511 ,27408 d,43845 d,59322 d,78151 d,: ,81107 d,83944 d,64784 d,58196 d,69298 d,78176 d,73402 d,61993 d,58399 d,: ,: ,: ,: ,: ,: ,: ,: ,: ,: ,: ,: ,: ,: ,: ,: ,: ,: ,: 
NR,PET,CC1400-1999,FR,222030 ,251868 ,211405 ,169150 ,127754 ,101242 ,94360 ,105160 ,88724 ,96052 ,84110 ,79934 ,96194 ,165447 ,179901 d,: ,219211 ,245232 ,304563 ,368617 ,389484 ,458199 ,394719 ,: ,: ,: ,: ,: ,: ,: ,: ,: ,: ,: ,: ,: ,: ,: ,: ,: ,: ,: ,: ,: 
NR,PET,CC1400-1999,HR,6035 ,9952 ,8279 ,4485 ,4997 ,3896 ,3653 ,4517 ,5506 ,8066 ,8916 ,11305 ,19090 ,17681 ,: ,: ,: ,: ,: ,: ,: ,: ,: ,: ,: ,: ,: ,: ,: ,: ,: ,: ,: ,: ,: ,: ,: ,: ,: ,: ,: ,: ,: ,: 
NR,PET,CC1400-1999,HU,31666 ,43080 ,44363 ,33700 ,26323 ,18613 ,14469 ,11417 ,: ,: ,: ,: ,35146 ,28306 ,29340 ,: ,34288 ,37351 ,33664 ,32689 ,36810 ,33855 ,: ,: ,: ,: ,: ,: ,: ,: ,: ,: ,: ,: ,: ,: ,: ,: ,: ,: ,: ,: ,: ,: 
NR,PET,CC1400-1999,IE,14867 ,7173 ,5858 ,3910 ,3182 ,2397 ,1311 ,1671 ,1784 ,2950 ,3455 ,6555 ,36320 ,: ,: ,: ,: ,: ,: ,: ,: ,: ,: ,: ,: ,: ,: ,: ,: ,: ,32173 ,: ,: ,: ,: ,: ,: ,: ,: ,: ,19583 ,: ,8754 ,9843 
NR,PET,CC1400-1999,IS,: ,: ,: ,: ,: ,: ,: ,: ,: ,: ,: ,: ,: ,: ,: ,9262 ,6588 e,5704 ,4269 ,4211 ,7451 ,8836 ,: ,: ,: ,: ,: ,: ,: ,: ,: ,: ,: ,: ,: ,: ,: ,: ,: ,: ,: ,: ,: ,: 
NR,PET,CC1400-1999,IT,330341 ,465471 ,396996 ,401351 ,374365 ,297877 ,239739 ,249393 ,304723 ,481017 d,479257 d,518819 ,619380 d,635504 d,622433 d,582586 d,668257 d,698681 d,737427 d,: ,: ,: ,: ,: ,: ,: ,: ,: ,: ,: ,: ,: ,: ,: ,: ,: ,: ,: ,: ,: ,: ,: ,: ,: 
NR,PET,CC1400-1999,LI,438 ,623 ,543 ,367 ,371 ,399 ,357 ,391 ,424 ,489 ,441 ,485 ,582 ,530 ,530 ,: ,520 ,550 ,: ,: ,: ,: ,: ,: ,: ,: ,: ,: ,: ,: ,: ,: ,: ,: ,: ,: ,: ,: ,: ,: ,: ,: ,: ,: 
NR,PET,CC1400-1999,LT,: ,23766 ,23900 ,21065 ,16297 ,14729 ,17208 ,24804 ,24700 ,18620 ,30484 ,38465 ,65651 ,79433 ,80547 ,87085 ,69421 ,65111 d,: ,: ,: ,: ,: ,: ,: ,: ,: ,: ,: ,: ,: ,: ,: ,: ,: ,: ,: ,: ,: ,: ,: ,: ,: ,: 
NR,PET,CC1400-1999,LU,: ,: ,: ,: ,: ,: ,: ,: ,: ,: ,: ,4089 ,4649 ,4875 ,4583 ,5334 ,6097 ,6414 ,7754 ,: ,: ,: ,: ,: ,: ,: ,: ,: ,: ,: ,: ,: ,: ,: ,: ,: ,: ,: ,: ,: ,: ,: ,: ,: 
NR,PET,CC1400-1999,LV,4647 ,6039 ,4678 ,3978 ,3572 ,3021 ,2469 ,: ,: ,: ,: ,: ,: ,: ,: ,: ,: ,: ,: ,: ,: ,: ,: ,: ,: ,: ,: ,: ,: ,: ,: ,: ,: ,: ,: ,: ,: ,: ,: ,: ,: ,: ,: ,: 
NR,PET,CC1400-1999,ME,: ,459 ,408 ,354 ,208 ,: ,: ,: ,: ,: ,: ,: ,: ,: ,: ,: ,: ,: ,: ,: ,: ,: ,: ,: ,: ,: ,: ,: ,: ,: ,: ,: ,: ,: ,: ,: ,: ,: ,: ,: ,: ,: ,: ,: 
NR,PET,CC1400-1999,MK,: ,: ,: ,: ,: ,: ,: ,3563 ,: ,: ,: ,: ,: ,: ,: ,: ,: ,: ,: ,: ,: ,: ,: ,: ,: ,: ,: ,: ,: ,: ,: ,: ,: ,: ,: ,: ,: ,: ,: ,: ,: ,: ,: ,: 
NR,PET,CC1400-1999,MT,775 ,1238 ,1174 ,938 ,739 ,584 ,838 ,947 ,993 ,1851 ,2119 ,3334 ,1381 ,1340 ,1312 ,1085 ,: ,: ,906 ,3875 ,2741 ,1606 ,: ,: ,: ,: ,: ,: ,: ,: ,: ,: ,: ,: ,: ,: ,: ,: ,: ,: ,: ,: ,: ,: 
NR,PET,CC1400-1999,NO,26044 ,30325 ,43406 ,49006 ,40875 ,: ,: ,: ,: ,: ,: ,: ,: ,: ,: ,: ,: ,: ,: ,: ,: ,: ,: ,: ,: ,: ,: ,: ,: ,: ,: ,: ,: ,: ,: ,: ,: ,: ,: ,: ,: ,: ,: ,: 
NR,PET,CC1400-1999,PL,301300 ,378122 ,372126 ,333625 ,342517 ,270926 ,238567 ,214882 ,195060 ,187993 ,164320 ,172051 ,281890 ,290728 ,280835 ,301636 ,284208 ,56958 ,: ,: ,: ,: ,: ,: ,: ,: ,: ,: ,: ,: ,: ,: ,: ,: ,: ,: ,: ,: ,: ,: ,: ,: ,: ,: 
NR,PET,CC1400-1999,PT,: ,18370 ,14043 e,8108 e,: ,: ,: ,: ,: ,: ,: ,: ,: ,: ,: ,: ,: ,: ,: ,: ,: ,: ,: ,: ,: ,: ,: ,: ,: ,: ,: ,: ,: ,: ,: ,: ,: ,: ,: ,: ,: ,: ,: ,: 
NR,PET,CC1400-1999,RO,20442 ,25124 ,17916 ,13020 ,11252 ,7109 ,5607 ,5927 ,11827 d,43212 d,89727 d,: ,: ,: ,: ,: ,: ,: ,: ,: ,: ,: ,: ,: ,: ,: ,: ,: ,: ,: ,: ,: ,: ,: ,: ,: ,: ,: ,: ,: ,: ,: ,: ,: 
NR,PET,CC1400-1999,SE,107198 ,109436 ,99486 ,73570 ,59206 ,48770 ,45273 ,39984 ,32519 ,42646 ,44164 ,39698 b,107871 u,122874 u,141590 u,149629 u,: ,: ,: ,: ,: ,: ,: ,: ,: ,: ,: ,: ,: ,: ,: ,: ,: ,: ,: ,: ,: ,: ,: ,: ,: ,: ,: ,: 
NR,PET,CC1400-1999,SI,7222 ,10744 ,9623 ,6535 ,4376 ,4123 ,3929 ,5508 ,6906 ,10749 ,12197 ,12751 ,15557 ,12962 ,10957 ,10355 ,: ,9956 ,10676 ,14449 ,18246 ,25841 ,26741 ,24406 ,: ,: ,: ,: ,: ,: ,: ,: ,: ,: ,: ,: ,: ,: ,: ,: ,: ,: ,: ,: 
NR,PET,CC1400-1999,TR,121963 ,115114 ,132711 ,103401 ,96685 ,100300 ,87070 ,107954 ,94523 ,101760 ,: ,: ,: ,: ,: ,: ,: ,: ,: ,: ,: ,: ,: ,: ,: ,: ,: ,: ,: ,: ,: ,: ,: ,: ,: ,: ,: ,: ,: ,: ,: ,: ,: ,: 
NR,PET,CC1400-1999,UK,: ,: ,583576 ,434992 ,362612 ,334198 ,: ,: ,: ,314758 d,366973 d,392333 d,520533 d,: c,657370 ,: ,795715 ,876122 ,974041 ,1018778 ,996043 ,: ,959850 ,868072 ,768288 ,: ,: ,: ,: ,: ,: ,: ,: ,: ,: ,: ,: ,: ,: ,: ,: ,: ,: ,: 
NR,PET,CC1400-1999,XK,: ,0 ,756 ,1438 ,: ,: ,: ,: ,: ,: ,: ,: ,: ,: ,: ,: ,: ,: ,: ,: ,: ,: ,: ,: ,: ,: ,: ,: ,: ,: ,: ,: ,: ,: ,: ,: ,: ,: ,: ,: ,: ,: ,: ,: 
NR,PET,CC_GE2000,AT,6802 ,6772 ,6553 ,5705 ,4374 ,2804 ,2558 ,2516 ,2617 ,3084 ,3737 ,4294 ,6270 ,7121 ,8211 ,: ,7972 ,8016 ,7731 ,9802 ,10284 ,12276 ,: ,: ,: ,: ,: ,: ,: ,: ,: ,: ,: ,: ,: ,: ,: ,: ,: ,: ,: ,: ,: ,: 
NR,PET,CC_GE2000,BA,338 ,758 ,805 ,800 ,: ,: ,: ,: ,: ,: ,: ,: ,: ,: ,: ,: ,: ,: ,: ,: ,: ,: ,: ,: ,: ,: ,: ,: ,: ,: ,: ,: ,: ,: ,: ,: ,: ,: ,: ,: ,: ,: ,: ,: 
NR,PET,CC_GE2000,BE,12450 ,10467 ,9576 ,9412 ,8840 ,5359 ,3843 ,2996 ,2411 ,: ,4620 ,4433 ,5470 ,7011 ,7376 ,7253 ,8399 ,: ,: ,: ,: ,: ,: ,: ,: ,: ,: ,: ,: ,: ,: ,: ,: ,: ,: ,: ,: ,: ,: ,: ,: ,: ,: ,: 
NR,PET,CC_GE2000,CH,21100 ,25100 ,26000 ,23000 ,21200 ,17600 ,18600 ,18100 ,20000 ,21700 e,23200 ,24700 e,33100 ,39100 ,45500 ,45827 ,50669 ,: ,: ,: ,: ,: ,: ,: ,: ,: ,: ,: ,: ,: ,: ,: ,: ,: ,: ,: ,: ,: ,: ,: ,: ,: ,: ,: 
NR,PET,CC_GE2000,CY,643 ,497 ,352 ,310 ,291 ,184 ,133 ,70 ,1542 ,520 ,894 ,1542 ,2874 ,2735 ,1025 ,1268 ,: ,: ,: ,: ,: ,: ,: ,: ,: ,: ,: ,: ,: ,: ,: ,: ,: ,: ,: ,: ,: ,: ,: ,: ,: ,: ,: ,: 
NR,PET,CC_GE2000,DE,78634 ,111054 ,124109 ,115025 ,87679 ,71153 ,61363 ,60501 ,67823 ,85264 ,99498 ,109554 ,144065 ,157297 ,200626 ,218761 ,233105 ,: ,: ,: ,: ,: ,: ,: ,: ,: ,: ,: ,: ,: ,: ,: ,: ,: ,: ,: ,: ,: ,: ,: ,: ,: ,: ,: 
NR,PET,CC_GE2000,EE,1366 ,1926 ,1388 ,1270 ,1138 ,760 ,734 ,677 ,819 ,952 ,663 ,943 ,1933 ,2486 ,2208 ,: ,1671 ,1619 ,1467 ,1118 ,858 ,: ,: ,: ,: ,: ,: ,: ,: ,: ,: ,: ,: ,: ,: ,: ,: ,: ,: ,: ,: ,: ,: ,: 
NR,PET,CC_GE2000,EL,: ,: ,: ,: ,: ,: ,: ,: ,: ,: ,: ,: ,: ,: ,: ,: ,: ,5613 ,3823 ,2882 ,3108 ,2574 ,: ,: ,: ,: ,: ,: ,: ,: ,: ,: ,: ,: ,: ,: ,: ,: ,: ,: ,: ,: ,: ,: 
NR,PET,CC_GE2000,ES,25855 ,28612 ,24318 ,22001 ,17319 ,10220 ,7667 ,: ,6390 d,8379 d,12017 d,14166 d,23281 d,38567 d,41545 d,: ,: ,: ,: ,: ,: ,: ,: ,: ,: ,: ,: ,: ,: ,: ,: ,: ,: ,: ,: ,: ,: ,: ,: ,: ,: ,: ,: ,: 
NR,PET,CC_GE2000,FI,4514 ,3640 ,2579 ,2056 ,1457 ,765 ,514 ,586 ,655 ,902 ,1362 ,1770 d,4127 d,10398 d,14028 d,: ,14914 d,12115 d,10391 d,11807 d,10656 d,7657 d,7317 d,6988 d,5388 d,: ,: ,: ,: ,: ,: ,: ,: ,: ,: ,: ,: ,: ,: ,: ,: ,: ,: ,: 
NR,PET,CC_GE2000,FR,27673 ,30833 ,25509 ,22714 ,21375 ,10939 ,8033 ,7570 ,8815 ,9576 ,10738 ,11855 ,12856 ,22575 ,24022 d,: ,26287 ,29176 ,35429 ,44231 ,34148 ,36569 ,35701 ,: ,: ,: ,: ,: ,: ,: ,: ,: ,: ,: ,: ,: ,: ,: ,: ,: ,: ,: ,: ,: 
NR,PET,CC_GE2000,HR,657 ,654 ,630 ,406 ,585 ,541 ,621 ,655 ,600 ,794 ,785 ,1709 ,2209 ,1835 ,: ,: ,: ,: ,: ,: ,: ,: ,: ,: ,: ,: ,: ,: ,: ,: ,: ,: ,: ,: ,: ,: ,: ,: ,: ,: ,: ,: ,: ,: 
NR,PET,CC_GE2000,HU,4981 ,4843 ,3606 ,2874 ,1646 ,776 ,676 ,515 ,: ,: ,: ,: ,1931 ,1009 ,1233 ,: ,1856 ,2034 ,1844 ,1993 ,1385 ,1382 ,: ,: ,: ,: ,: ,: ,: ,: ,: ,: ,: ,: ,: ,: ,: ,: ,: ,: ,: ,: ,: ,: 
NR,PET,CC_GE2000,IE,3029 ,129 ,176 ,154 ,190 ,105 ,41 ,24 ,35 ,57 ,122 ,150 ,1525 ,: ,: ,: ,: ,: ,: ,: ,: ,: ,: ,: ,: ,: ,: ,: ,: ,: ,1590 ,: ,: ,: ,: ,: ,: ,: ,: ,: ,5097 ,: ,1979 ,2355 
NR,PET,CC_GE2000,IS,: ,: ,: ,: ,: ,: ,: ,: ,: ,: ,: ,: ,: ,: ,: ,5791 ,3241 e,1735 ,854 ,894 ,1517 ,1755 ,: ,: ,: ,: ,: ,: ,: ,: ,: ,: ,: ,: ,: ,: ,: ,: ,: ,: ,: ,: ,: ,: 
NR,PET,CC_GE2000,IT,19252 ,22997 ,19559 ,16227 ,13460 ,6761 ,4736 ,3899 ,4473 ,9038 ,13297 ,15081 ,20736 ,27322 ,37335 ,33765 ,36643 ,37009 ,34114 ,: ,: ,: ,: ,: ,: ,: ,: ,: ,: ,: ,: ,: ,: ,: ,: ,: ,: ,: ,: ,: ,: ,: ,: ,: 
NR,PET,CC_GE2000,LI,260 ,245 ,251 ,281 ,169 ,192 ,171 ,161 ,206 ,235 ,260 ,261 ,352 ,410 ,420 ,: ,460 ,390 ,: ,: ,: ,: ,: ,: ,: ,: ,: ,: ,: ,: ,: ,: ,: ,: ,: ,: ,: ,: ,: ,: ,: ,: ,: ,: 
NR,PET,CC_GE2000,LT,: ,11784 ,11688 ,10539 ,8241 ,8267 ,9156 ,12498 ,10305 ,8072 ,10441 ,12372 ,24302 ,23493 ,24349 ,30157 ,22292 ,16734 d,: ,: ,: ,: ,: ,: ,: ,: ,: ,: ,: ,: ,: ,: ,: ,: ,: ,: ,: ,: ,: ,: ,: ,: ,: ,: 
NR,PET,CC_GE2000,LU,: ,: ,: ,: ,: ,: ,: ,: ,: ,: ,: ,1798 ,2067 ,2348 ,2514 ,2491 ,2521 ,2810 ,3120 ,: ,: ,: ,: ,: ,: ,: ,: ,: ,: ,: ,: ,: ,: ,: ,: ,: ,: ,: ,: ,: ,: ,: ,: ,: 
NR,PET,CC_GE2000,LV,1002 ,1246 ,933 ,773 ,665 ,467 ,503 ,: ,: ,: ,: ,: ,: ,: ,: ,: ,: ,: ,: ,: ,: ,: ,: ,: ,: ,: ,: ,: ,: ,: ,: ,: ,: ,: ,: ,: ,: ,: ,: ,: ,: ,: ,: ,: 
NR,PET,CC_GE2000,ME,: ,81 ,41 ,48 ,30 ,: ,: ,: ,: ,: ,: ,: ,: ,: ,: ,: ,: ,: ,: ,: ,: ,: ,: ,: ,: ,: ,: ,: ,: ,: ,: ,: ,: ,: ,: ,: ,: ,: ,: ,: ,: ,: ,: ,: 
NR,PET,CC_GE2000,MK,: ,: ,: ,: ,: ,: ,: ,820 ,: ,: ,: ,: ,: ,: ,: ,: ,: ,: ,: ,: ,: ,: ,: ,: ,: ,: ,: ,: ,: ,: ,: ,: ,: ,: ,: ,: ,: ,: ,: ,: ,: ,: ,: ,: 
NR,PET,CC_GE2000,MT,71 ,34 ,35 ,35 ,41 ,23 ,251 ,171 ,179 ,266 ,290 ,326 ,145 ,86 ,136 ,89 ,: ,: ,106 ,129 ,99 ,108 ,: ,: ,: ,: ,: ,: ,: ,: ,: ,: ,: ,: ,: ,: ,: ,: ,: ,: ,: ,: ,: ,: 
NR,PET,CC_GE2000,NO,16004 ,15263 ,11165 ,10574 ,8985 ,: ,: ,: ,: ,: ,: ,: ,: ,: ,: ,: ,: ,: ,: ,: ,: ,: ,: ,: ,: ,: ,: ,: ,: ,: ,: ,: ,: ,: ,: ,: ,: ,: ,: ,: ,: ,: ,: ,: 
NR,PET,CC_GE2000,PL,47817 ,54310 ,53375 ,46777 ,52308 ,37861 ,30878 ,24061 ,19773 ,20180 ,19091 ,24369 ,53528 ,40259 ,34410 ,35358 ,: ,4879 ,: ,: ,: ,: ,: ,: ,: ,: ,: ,: ,: ,: ,: ,: ,: ,: ,: ,: ,: ,: ,: ,: ,: ,: ,: ,: 
NR,PET,CC_GE2000,PT,: ,2833 ,2163 e,1394 e,: ,: ,: ,: ,: ,: ,: ,: ,: ,: ,: ,: ,: ,: ,: ,: ,: ,: ,: ,: ,: ,: ,: ,: ,: ,: ,: ,: ,: ,: ,: ,: ,: ,: ,: ,: ,: ,: ,: ,: 
NR,PET,CC_GE2000,RO,3264 ,2864 ,1699 ,1090 ,928 ,433 ,317 ,291 ,310 d,1132 d,2273 d,: ,: ,: ,: ,: ,: ,: ,: ,: ,: ,: ,: ,: ,: ,: ,: ,: ,: ,: ,: ,: ,: ,: ,: ,: ,: ,: ,: ,: ,: ,: ,: ,: 
NR,PET,CC_GE2000,SE,18294 ,22587 ,17311 ,13167 ,11863 ,8585 ,7468 ,7789 ,7802 ,9389 ,9611 ,9037 b,24958 u,47733 u,57881 u,80434 u,: ,: ,: ,: ,: ,: ,: ,: ,: ,: ,: ,: ,: ,: ,: ,: ,: ,: ,: ,: ,: ,: ,: ,: ,: ,: ,: ,: 
NR,PET,CC_GE2000,SI,146 ,250 ,283 ,275 ,211 ,108 ,99 ,112 ,112 ,225 ,334 ,674 ,846 ,770 ,613 ,612 ,: ,564 ,678 ,1146 ,982 ,1573 ,1146 ,1179 ,: ,: ,: ,: ,: ,: ,: ,: ,: ,: ,: ,: ,: ,: ,: ,: ,: ,: ,: ,: 
NR,PET,CC_GE2000,TR,1848 ,1489 ,1179 ,1308 ,1127 ,1355 ,1117 ,1343 ,1519 d,972 d,: ,: ,: ,: ,: ,: ,: ,: ,: ,: ,: ,: ,: ,: ,: ,: ,: ,: ,: ,: ,: ,: ,: ,: ,: ,: ,: ,: ,: ,: ,: ,: ,: ,: 
NR,PET,CC_GE2000,UK,: ,: ,92076 ,86624 ,74894 ,57496 ,: ,: ,: ,35859 d,49351 d,56145 d,78098 d,: c,144820 ,: ,185392 ,195493 ,209246 ,225998 ,190242 ,: ,187609 ,177756 ,140286 ,: ,: ,: ,: ,: ,: ,: ,: ,: ,: ,: ,: ,: ,: ,: ,: ,: ,: ,: 
NR,PET,CC_GE2000,XK,: ,0 ,207 ,340 ,: ,: ,: ,: ,: ,: ,: ,: ,: ,: ,: ,: ,: ,: ,: ,: ,: ,: ,: ,: ,: ,: ,: ,: ,: ,: ,: ,: ,: ,: ,: ,: ,: ,: ,: ,: ,: ,: ,: ,: 
NR,PET,CC_LT1400,AT,89253 ,129350 ,139223 ,130826 ,105762 ,100148 ,102932 ,107546 ,112335 ,122683 ,117892 ,123289 ,90461 ,78408 ,77393 ,: ,57475 ,52760 ,50607 ,59831 ,65517 ,65950 ,: ,: ,: ,: ,: ,: ,: ,: ,: ,: ,: ,: ,: ,: ,: ,: ,: ,: ,: ,: ,: ,: 
NR,PET,CC_LT1400,BA,3506 ,7055 ,9363 ,9368 ,: ,: ,: ,: ,: ,: ,: ,: ,: ,: ,: ,: ,: ,: ,: ,: ,: ,: ,: ,: ,: ,: ,: ,: ,: ,: ,: ,: ,: ,: ,: ,: ,: ,: ,: ,: ,: ,: ,: ,: 
NR,PET,CC_LT1400,BE,161476 ,233117 ,235466 ,204784 ,184769 ,149265 ,134421 ,122500 ,105943 ,: ,94407 ,85331 ,79445 ,82207 ,91852 ,85325 ,91690 ,: ,: ,: ,: ,: ,: ,: ,: ,: ,: ,: ,: ,: ,: ,: ,: ,: ,: ,: ,: ,: ,: ,: ,: ,: ,: ,: 
NR,PET,CC_LT1400,CH,58300 ,81800 ,90300 ,98800 ,97900 ,99300 ,95100 ,97300 ,98600 ,102500 e,90000 ,74200 e,67200 ,54700 ,50300 ,46836 ,47420 ,: ,: ,: ,: ,: ,: ,: ,: ,: ,: ,: ,: ,: ,: ,: ,: ,: ,: ,: ,: ,: ,: ,: ,: ,: ,: ,: 
NR,PET,CC_LT1400,CY,3229 ,4007 ,3894 ,4255 ,4378 ,3645 ,2880 ,2851 ,6776 ,9067 ,10198 ,10988 ,15352 ,17795 ,16410 ,17151 ,: ,: ,: ,: ,: ,: ,: ,: ,: ,: ,: ,: ,: ,: ,: ,: ,: ,: ,: ,: ,: ,: ,: ,: ,: ,: ,: ,: 
NR,PET,CC_LT1400,DE,733811 ,1129296 ,1240304 ,1265351 ,1155187 ,1088907 ,1054385 ,1001732 ,991291 ,1017965 ,992741 ,1674745 ,811631 ,746392 ,797480 ,747067 ,701613 ,: ,: ,: ,: ,: ,: ,: ,: ,: ,: ,: ,: ,: ,: ,: ,: ,: ,: ,: ,: ,: ,: ,: ,: ,: ,: ,: 
NR,PET,CC_LT1400,EE,5487 ,8832 ,9071 ,9221 ,7688 ,6637 ,5621 ,4128 ,3827 ,3810 ,1956 ,1594 ,4395 ,5053 ,4881 ,: ,3739 ,3688 ,3213 ,3181 ,2018 ,: ,: ,: ,: ,: ,: ,: ,: ,: ,: ,: ,: ,: ,: ,: ,: ,: ,: ,: ,: ,: ,: ,: 
NR,PET,CC_LT1400,EL,: ,: ,: ,: ,: ,: ,: ,: ,: ,: ,: ,: ,: ,: ,: ,: ,: ,150681 ,171676 ,189299 ,200738 ,185604 ,: ,: ,: ,: ,: ,: ,: ,: ,: ,: ,: ,: ,: ,: ,: ,: ,: ,: ,: ,: ,: ,: 
NR,PET,CC_LT1400,ES,351230 ,562756 ,586445 ,482346 ,398904 ,312917 ,228987 ,: ,154430 d,159214 d,205866 d,181289 d,197144 d,240970 d,254175 d,: ,: ,: ,: ,: ,: ,: ,: ,: ,: ,: ,: ,: ,: ,: ,: ,: ,: ,: ,: ,: ,: ,: ,: ,: ,: ,: ,: ,: 
NR,PET,CC_LT1400,FI,34077 ,43853 ,48498 ,50736 ,51989 ,44369 ,37603 ,33551 ,33915 ,35061 ,28981 ,19413 d,22357 d,20079 d,23941 d,: ,24457 d,28943 d,23662 d,21409 d,28319 d,28460 d,25306 d,20244 d,19091 d,: ,: ,: ,: ,: ,: ,: ,: ,: ,: ,: ,: ,: ,: ,: ,: ,: ,: ,: 
NR,PET,CC_LT1400,FR,733866 ,1091298 ,1040150 ,881284 ,779228 ,665464 ,520808 ,450119 ,389394 ,475831 ,477911 ,550902 ,350903 ,344843 ,364320 d,: ,371951 ,376948 ,444807 ,568453 ,657217 ,690419 ,708208 ,: ,: ,: ,: ,: ,: ,: ,: ,: ,: ,: ,: ,: ,: ,: ,: ,: ,: ,: ,: ,: 
NR,PET,CC_LT1400,HR,21387 ,36847 ,32055 ,15984 ,14908 ,11874 ,12416 ,10073 ,11319 ,15290 ,16802 ,19409 ,37049 ,40084 ,: ,: ,: ,: ,: ,: ,: ,: ,: ,: ,: ,: ,: ,: ,: ,: ,: ,: ,: ,: ,: ,: ,: ,: ,: ,: ,: ,: ,: ,: 
NR,PET,CC_LT1400,HU,56530 ,75983 ,54749 ,41884 ,33784 ,25484 ,22476 ,18526 ,: ,: ,: ,: ,73306 ,66251 ,82777 ,: ,119659 ,129459 ,109379 ,92881 ,84680 ,86154 ,: ,: ,: ,: ,: ,: ,: ,: ,: ,: ,: ,: ,: ,: ,: ,: ,: ,: ,: ,: ,: ,: 
NR,PET,CC_LT1400,IE,28734 ,43016 ,42806 ,36431 ,37158 ,32809 ,19715 ,18197 ,15972 ,26596 ,31098 ,17332 ,57717 ,: ,: ,: ,: ,: ,: ,: ,: ,: ,: ,: ,: ,: ,: ,: ,: ,: ,49657 ,: ,: ,: ,: ,: ,: ,: ,: ,: ,67048 ,: ,42333 ,40749 
NR,PET,CC_LT1400,IS,: ,: ,: ,: ,: ,: ,: ,: ,: ,: ,: ,: ,: ,: ,: ,3096 ,2341 e,2008 ,1334 ,1524 ,3228 ,3657 ,: ,: ,: ,: ,: ,: ,: ,: ,: ,: ,: ,: ,: ,: ,: ,: ,: ,: ,: ,: ,: ,: 
NR,PET,CC_LT1400,IT,423882 ,480777 ,358130 ,282494 ,255340 ,216812 ,176233 ,165753 ,165752 ,205475 d,228248 d,266790 d,293294 d,367279 d,346047 d,348726 d,420397 d,554503 d,513674 d,: ,: ,: ,: ,: ,: ,: ,: ,: ,: ,: ,: ,: ,: ,: ,: ,: ,: ,: ,: ,: ,: ,: ,: ,: 
NR,PET,CC_LT1400,LI,224 ,318 ,358 ,468 ,405 ,481 ,451 ,489 ,496 ,503 ,369 ,335 ,338 ,250 ,250 ,: ,220 ,280 ,: ,: ,: ,: ,: ,: ,: ,: ,: ,: ,: ,: ,: ,: ,: ,: ,: ,: ,: ,: ,: ,: ,: ,: ,: ,: 
NR,PET,CC_LT1400,LT,: ,31091 ,19986 ,15882 ,11758 ,9761 ,8665 ,7617 ,7345 ,6223 ,9493 ,10466 ,16035 d,16254 ,13816 ,13286 ,12696 d,11800 d,: ,: ,: ,: ,: ,: ,: ,: ,: ,: ,: ,: ,: ,: ,: ,: ,: ,: ,: ,: ,: ,: ,: ,: ,: ,: 
NR,PET,CC_LT1400,LU,: ,: ,: ,: ,: ,: ,: ,: ,: ,: ,: ,6729 ,5140 ,4177 ,4340 ,4069 ,4615 ,5652 ,5649 ,: ,: ,: ,: ,: ,: ,: ,: ,: ,: ,: ,: ,: ,: ,: ,: ,: ,: ,: ,: ,: ,: ,: ,: ,: 
NR,PET,CC_LT1400,LV,2714 ,4108 ,4629 ,4737 ,5144 ,3714 ,2787 ,: ,: ,: ,: ,: ,: ,: ,: ,: ,: ,: ,: ,: ,: ,: ,: ,: ,: ,: ,: ,: ,: ,: ,: ,: ,: ,: ,: ,: ,: ,: ,: ,: ,: ,: ,: ,: 
NR,PET,CC_LT1400,ME,: ,1486 ,1176 ,911 ,761 ,: ,: ,: ,: ,: ,: ,: ,: ,: ,: ,: ,: ,: ,: ,: ,: ,: ,: ,: ,: ,: ,: ,: ,: ,: ,: ,: ,: ,: ,: ,: ,: ,: ,: ,: ,: ,: ,: ,: 
NR,PET,CC_LT1400,MK,: ,: ,: ,: ,: ,: ,: ,4485 ,: ,: ,: ,: ,: ,: ,: ,: ,: ,: ,: ,: ,: ,: ,: ,: ,: ,: ,: ,: ,: ,: ,: ,: ,: ,: ,: ,: ,: ,: ,: ,: ,: ,: ,: ,: 
NR,PET,CC_LT1400,MT,2496 ,4055 ,4268 ,4160 ,3899 ,3811 ,8525 ,6682 ,6499 ,7674 ,7246 ,8694 ,6463 ,6471 ,6861 ,7102 ,: ,: ,3841 ,861 ,413 ,7655 ,: ,: ,: ,: ,: ,: ,: ,: ,: ,: ,: ,: ,: ,: ,: ,: ,: ,: ,: ,: ,: ,: 
NR,PET,CC_LT1400,NO,9090 ,14376 ,23752 ,30494 ,33050 ,: ,: ,: ,: ,: ,: ,: ,: ,: ,: ,: ,: ,: ,: ,: ,: ,: ,: ,: ,: ,: ,: ,: ,: ,: ,: ,: ,: ,: ,: ,: ,: ,: ,: ,: ,: ,: ,: ,: 
NR,PET,CC_LT1400,PL,288646 ,352418 ,352726 ,339325 ,324144 ,262754 ,232894 ,210798 ,184362 ,184589 ,171514 ,161595 ,243012 ,249719 ,231080 ,254789 ,277674 ,158431 ,: ,: ,: ,: ,: ,: ,: ,: ,: ,: ,: ,: ,: ,: ,: ,: ,: ,: ,: ,: ,: ,: ,: ,: ,: ,: 
NR,PET,CC_LT1400,PT,: ,101861 ,81491 e,71570 e,: ,: ,: ,: ,: ,: ,: ,: ,: ,: ,: ,: ,: ,: ,: ,: ,: ,: ,: ,: ,: ,: ,: ,: ,: ,: ,: ,: ,: ,: ,: ,: ,: ,: ,: ,: ,: ,: ,: ,: 
NR,PET,CC_LT1400,RO,55538 ,86576 ,55856 ,37443 ,33237 ,27967 ,23653 ,19589 ,19981 d,64003 d,104844 d,: ,: ,: ,: ,: ,: ,: ,: ,: ,: ,: ,: ,: ,: ,: ,: ,: ,: ,: ,: ,: ,: ,: ,: ,: ,: ,: ,: ,: ,: ,: ,: ,: 
NR,PET,CC_LT1400,SE,68773 ,89257 ,98563 ,104311 ,106834 ,88028 ,73278 ,60294 ,53541 ,57318 ,58172 ,42275 b,34673 u,41973 u,41903 u,36275 u,: ,: ,: ,: ,: ,: ,: ,: ,: ,: ,: ,: ,: ,: ,: ,: ,: ,: ,: ,: ,: ,: ,: ,: ,: ,: ,: ,: 
NR,PET,CC_LT1400,SI,24161 ,36943 ,38334 ,31419 ,26842 ,24807 ,19888 ,18322 ,17827 ,23068 ,25642 ,24017 ,27140 ,24852 ,23508 ,23049 ,: ,24551 ,23601 ,27645 ,30527 ,41562 ,33298 ,33836 ,: ,: ,: ,: ,: ,: ,: ,: ,: ,: ,: ,: ,: ,: ,: ,: ,: ,: ,: ,: 
NR,PET,CC_LT1400,TR,195212 ,35408 ,45241 ,154616 ,173641 ,169107 ,121981 ,147209 ,115568 ,115992 ,: ,: ,: ,: ,: ,: ,: ,: ,: ,: ,: ,: ,: ,: ,: ,: ,: ,: ,: ,: ,: ,: ,: ,: ,: ,: ,: ,: ,: ,: ,: ,: ,: ,: 
NR,PET,CC_LT1400,UK,: ,: ,912759 ,925086 ,952844 ,943139 ,: ,: ,: ,573888 d,644559 d,689411 d,584427 d,: c,635890 ,: ,767452 ,842531 ,859205 ,877799 ,815132 ,: ,771204 ,769037 ,749962 ,: ,: ,: ,: ,: ,: ,: ,: ,: ,: ,: ,: ,: ,: ,: ,: ,: ,: ,: 
NR,PET,CC_LT1400,XK,: ,0 ,1163 ,1150 ,: ,: ,: ,: ,: ,: ,: ,: ,: ,: ,: ,: ,: ,: ,: ,: ,: ,: ,: ,: ,: ,: ,: ,: ,: ,: ,: ,: ,: ,: ,: ,: ,: ,: ,: ,: ,: ,: ,: ,: 
NR,PET,TOTAL,AL,10336 ,: ,: ,: ,: ,: ,: ,: ,: ,: ,: ,: ,: ,: ,: ,: ,: ,: ,: ,: ,: ,: ,: ,: ,: ,: ,: ,: ,: ,: ,: ,: ,: ,: ,: ,: ,: ,: ,: ,: ,: ,: ,: ,: 
NR,PET,TOTAL,AT,133151 ,189054 ,192503 ,171862 ,136148 ,125656 ,128670 ,136689 ,143325 ,159027 ,159740 ,170847 ,131616 ,120424 ,116282 ,: ,91022 ,85586 ,84905 ,100833 ,118133 ,133951 ,134556 ,128480 ,155805 ,160406 ,: ,: ,: ,: ,: ,: ,: ,: ,: ,: ,: ,: ,: ,: ,: ,: ,: ,: 
NR,PET,TOTAL,BA,5387 ,11768 ,15832 ,15521 ,11013 ,: ,: ,: ,: ,: ,: ,: ,: ,: ,: ,: ,: ,: ,: ,: ,: ,: ,: ,: ,: ,: ,: ,: ,: ,: ,: ,: ,: ,: ,: ,: ,: ,: ,: ,: ,: ,: ,: ,: 
NR,PET,TOTAL,BE,268148 ,365729 ,347284 ,288484 ,256076 ,198299 ,181524 ,169665 ,145844 ,135266 ,128566 ,117193 ,113707 ,120979 ,134230 ,132208 ,146346 ,: ,: ,: ,: ,: ,: ,: ,: ,: ,: ,: ,: ,: ,: ,: ,: ,: ,: ,: ,: ,: ,: ,: ,: ,: ,: ,: 
NR,PET,TOTAL,CH,160700 ,214900 ,203400 ,195200 ,188600 ,193200 ,187000 ,191300 ,200600 ,211500 e,200600 ,182200 e,189100 ,185100 ,185800 ,185120 ,197776 ,211547 ,240771 ,272734 ,285407 ,293896 ,278426 ,257127 ,259507 ,257210 ,254027 ,248454 ,278165 ,302764 ,314281 ,329861 ,: ,: ,: ,: ,: ,: ,: ,: ,: ,: ,: ,: 
NR,PET,TOTAL,CY,7130 ,8011 ,7857 ,7650 ,7134 ,5917 ,5086 ,5784 ,16698 ,22700 ,26607 ,30948 ,44719 ,46812 ,35768 ,37383 ,42778 ,28618 ,25866 ,21469 ,16430 ,16476 ,19692 ,16668 ,17618 ,16040 ,12113 ,11973 ,16712 ,15823 ,17874 ,: ,: ,: ,: ,: ,: ,: ,: ,: ,: ,: ,: ,: 
NR,PET,TOTAL,DE,1361723 ,2136891 ,2142700 ,1986488 ,1746291 ,1611389 ,1533726 ,1502784 ,1555241 ,1651637 ,1669927 ,2608767 ,1695972 ,1622276 ,1910823 ,1903190 ,1823530 ,1942837 ,2013610 ,2183723 ,2349941 ,2948645 ,3077600 ,3002270 ,2971144 ,2830290 ,2664919 ,2717031 ,3340206 ,: ,: ,: ,: ,: ,: ,: ,: ,: ,: ,: ,: ,: ,: ,: 
NR,PET,TOTAL,DK,120674 ,155867 ,141320 ,142607 ,140371 ,137698 ,127172 ,122644 ,: ,: ,: ,: ,82288 ,117333 ,89831 ,: ,: ,: ,: ,: ,: ,: ,: ,: ,: ,: ,: ,: ,: ,: ,: ,: ,: ,: ,: ,: ,: ,: ,: ,: ,: ,: ,: ,: 
NR,PET,TOTAL,EE,13164 ,20510 ,19686 ,19177 ,16592 ,14069 ,13054 ,12208 ,12049 ,11372 ,6890 ,6465 ,18495 ,22394 ,18978 ,: ,13118 ,12929 ,12219 ,10975 ,8462 ,: ,: ,: ,: ,: ,: ,: ,: ,: ,: ,: ,: ,: ,: ,: ,: ,: ,: ,: ,: ,: ,: ,: 
NR,PET,TOTAL,EL,: ,: ,: ,: ,: ,: ,: ,: ,: ,: ,: ,: ,: ,: ,: ,: ,: ,267663 ,275210 ,287514 ,300456 ,266783 ,181605 ,163822 ,138360 ,130480 ,115917 ,152341 ,: ,: ,: ,: ,: ,: ,: ,: ,: ,: ,: ,: ,: ,: ,: ,: 
NR,PET,TOTAL,ES,573573 ,882966 ,838217 ,648790 ,509247 ,394777 ,297176 ,: ,224403 d,249180 d,299637 d,298852 d,377826 d,495902 d,521235 d,: ,: ,: ,603178 ,718980 ,681967 ,735779 ,662798 d,623613 ,599030 ,585950 ,694239 ,608145 ,: ,: ,: ,: ,: ,: ,: ,: ,: ,: ,: ,: ,: ,: ,: ,: 
NR,PET,TOTAL,FI,75765 ,88141 ,89497 ,81435 ,79042 ,69469 ,64181 ,64194 ,66808 ,72128 ,64854 ,48582 d,70331 d,89817 d,116128 ,: ,120536 d,125042 d,98837 d,91412 d,108273 d,114295 d,106025 d,89225 d,82878 d,74386 ,63455 d,51465 d,65095 d,97997 d,131830 d,: ,: ,: ,: ,: ,: ,: ,: ,: ,: ,: ,: ,: 
NR,PET,TOTAL,FR,983569 ,1373999 ,1277064 ,1073148 ,928357 ,777645 ,623201 ,562849 ,486968 ,581508 ,572862 ,642691 ,459953 ,532685 ,568243 ,: ,617449 ,651356 ,784799 ,981301 ,1080849 ,1185187 ,1138628 ,990040 ,1294152 ,1032418 ,1032913 ,937925 ,1284983 ,1250653 ,1546938 ,1595925 ,1694629 ,1720991 ,1612025 ,1501473 ,1517193 ,1824565 ,1834867 ,1619475 ,1687163 ,1831187 ,: ,: 
NR,PET,TOTAL,HR,28079 ,47453 ,40964 ,20875 ,20490 ,16311 ,16690 ,15245 ,17425 ,24150 ,26503 ,32423 ,58348 ,59600 ,64763 ,53554 ,50126 ,58102 ,60230 ,74834 ,73179 ,70136 ,70245 ,87318 ,56660 ,49330 ,43289 ,43909 ,23307 ,: ,: ,: ,: ,: ,: ,: ,: ,: ,: ,: ,: ,: ,: ,: 
NR,PET,TOTAL,HU,93177 ,123906 ,102718 ,78458 ,61753 ,44873 ,37621 ,30458 ,47425 ,34022 ,30157 ,: ,110383 ,95566 ,113350 ,: ,155803 ,168844 ,144887 ,127563 ,122875 ,121391 ,97566 ,68348 ,60835 ,53250 ,43372 ,58009 ,36641 ,: ,: ,: ,: ,: ,: ,: ,: ,: ,: ,: ,: ,: ,: ,: 
NR,PET,TOTAL,IE,46630 ,: ,48840 ,40798 ,41160 ,35311 ,21067 ,19892 ,17791 ,29603 ,34675 ,20988 ,95562 ,130846 ,128634 ,129209 ,121196 ,117765 ,125347 ,139909 ,201938 ,151219 ,121210 ,111308 ,94695 ,69666 ,64782 ,51133 ,57293 ,: ,71649 ,: ,: ,: ,: ,51279 ,: ,: ,: ,: ,: ,: ,: ,: 
NR,PET,TOTAL,IS,5706 ,8233 ,12061 ,13645 ,: ,: ,: ,: ,: ,: ,: ,: ,: ,: ,: ,18149 ,12170 e,9447 ,6457 ,6629 ,12196 ,14248 ,12751 ,10153 ,8517 ,6352 ,5231 ,5393 ,: ,: ,: ,: ,: ,: ,: ,: ,: ,: ,: ,: ,: ,: ,: ,: 
NR,PET,TOTAL,IT,773479 ,969245 ,: ,: ,: ,: ,: ,419045 ,474948 ,695530 ,720802 ,800690 ,933410 ,1030105 ,1005815 ,965077 ,1125297 ,1290193 ,1285215 ,: ,: ,: ,1900170 p,1965508 ,1556470 ,1587538 ,: ,: ,: ,: ,: ,: ,: ,: ,: ,: ,: ,: ,: ,: ,: ,: ,: ,: 
NR,PET,TOTAL,LI,922 ,1186 ,1152 ,1116 ,951 ,1072 ,979 ,1041 ,1126 ,1227 ,1070 ,1081 ,1272 ,1190 ,1200 ,: ,1210 ,1220 ,: ,: ,: ,2 ,2 ,2 ,2 ,2 ,: ,: ,: ,: ,: ,: ,: ,: ,: ,: ,: ,: ,: ,: ,: ,: ,: ,: 
NR,PET,TOTAL,LT,32922 ,66641 ,55574 ,47486 ,36296 ,33550 ,35029 ,44919 ,42350 ,32915 ,50418 ,61303 ,105988 ,119120 ,118712 d,130525 ,104409 d,93645 d,68097 ,: ,: ,: ,: ,: ,: ,: ,: ,: ,: ,: ,: ,: ,: ,: ,: ,: ,: ,: ,: ,: ,: ,: ,: ,: 
NR,PET,TOTAL,LU,: ,: ,: ,: ,: ,: ,: ,: ,: ,: ,: ,12616 ,11856 ,11400 ,11437 ,11894 ,13233 ,14876 ,16523 ,: ,: ,: ,: ,: ,: ,: ,: ,: ,: ,: ,: ,: ,: ,: ,: ,: ,: ,: ,: ,: ,: ,: ,: ,: 
NR,PET,TOTAL,LV,8363 ,11393 ,10240 ,9488 ,9381 ,7211 ,5759 ,14293 ,13960 ,14491 ,11047 ,8757 ,31542 ,62475 ,59962 ,46891 ,38252 ,33352 ,28144 ,27528 ,28638 ,39196 ,48195 ,60175 ,46380 ,47278 ,: ,: ,: ,: ,: ,: ,: ,: ,: ,: ,: ,: ,: ,: ,: ,: ,: ,: 
NR,PET,TOTAL,ME,: ,2026 ,1625 ,1313 ,999 ,: ,: ,: ,: ,: ,: ,: ,: ,: ,: ,: ,: ,: ,: ,: ,: ,: ,: ,: ,: ,: ,: ,: ,: ,: ,: ,: ,: ,: ,: ,: ,: ,: ,: ,: ,: ,: ,: ,: 
NR,PET,TOTAL,MK,: ,: ,: ,: ,: ,: ,: ,8868 ,: ,: ,: ,: ,: ,: ,: ,: ,: ,: ,: ,: ,: ,: ,: ,: ,: ,: ,: ,: ,: ,: ,: ,: ,: ,: ,: ,: ,: ,: ,: ,: ,: ,: ,: ,: 
NR,PET,TOTAL,MT,3342 ,5327 ,5477 ,5133 ,4679 ,4418 ,9614 ,7800 ,7671 ,9791 ,9655 ,12354 ,7989 ,7897 ,8300 ,8276 ,: ,: ,4853 ,4865 ,6853 ,9369 ,7948 ,: ,: ,: ,: ,: ,: ,: ,: ,: ,: ,: ,: ,: ,: ,: ,: ,: ,: ,: ,: ,: 
NR,PET,TOTAL,NL,267482 ,350014 ,360573 ,331608 ,304643 ,314882 ,275419 ,307912 ,323370 ,374811 ,364054 ,288019 ,352478 ,351671 ,342397 ,331027 ,: ,: ,: ,408305 ,462412 ,471274 ,432059 ,396257 ,: ,: ,: ,: ,: ,: ,: ,: ,: ,: ,: ,: ,: ,: ,: ,: ,: ,: ,: ,: 
NR,PET,TOTAL,NO,51138 ,59964 ,78323 ,90074 ,82910 ,55671 ,54912 ,57700 ,53440 ,37924 ,37908 ,32398 ,37649 ,39970 ,68382 ,: ,99281 ,: ,: ,: ,112104 ,111526 ,129163 ,142177 ,134905 ,91852 ,: ,54888 ,55768 ,51606 ,61240 ,55796 ,: ,: ,: ,: ,: ,: ,: ,: ,: ,: ,: ,: 
NR,PET,TOTAL,PL,637763 ,784850 ,778227 ,719727 ,718969 ,571541 ,502339 ,449741 ,399195 ,392762 ,354925 ,358015 ,578430 ,580706 ,546325 ,591783 ,589018 ,220339 ,: ,355662 ,443682 ,540256 ,517726 ,644734 ,548099 ,393927 ,: ,: ,: ,: ,: ,: ,: ,: ,: ,: ,: ,: ,: ,: ,: ,: ,: ,: 
NR,PET,TOTAL,PT,: ,136523 ,97697 e,81072 e,: ,: ,: ,: ,: ,: ,: ,: ,: ,: ,: ,: ,: ,: ,: ,: ,: ,: ,: ,: ,: ,: ,: ,: ,: ,: ,: ,: ,: ,: ,: ,: ,: ,: ,: ,: ,: ,: ,: ,: 
NR,PET,TOTAL,RO,79244 ,114564 ,75471 ,51554 ,45417 ,35509 ,29576 ,25807 ,32118 d,108347 d,196844 d,204290 d,330641 ,: ,: ,: ,: ,: ,: ,: ,: ,: ,: ,: ,: ,: ,: ,: ,: ,: ,: ,: ,: ,: ,: ,: ,: ,: ,: ,: ,: ,: ,: ,: 
NR,PET,TOTAL,SE,194265 ,221280 ,215360 ,191048 ,177903 ,145383 ,126019 ,108067 ,93862 ,109353 ,111947 ,91010 ,167502 ,212580 ,241374 ,266338 ,273015 ,270998 ,262364 ,264895 ,315229 ,298374 ,246082 ,228797 ,185894 ,170130 ,154441 ,123724 ,155882 ,190030 ,233546 ,311871 ,: ,: ,: ,: ,: ,: ,: ,: ,: ,: ,: ,: 
NR,PET,TOTAL,SI,31529 ,47937 ,48240 ,38229 ,31429 ,29038 ,23916 ,23942 ,24845 ,34042 ,38173 ,37442 ,43543 ,38584 ,35078 ,34016 ,33965 ,35071 ,34955 ,43240 ,49755 ,68976 ,61185 ,: ,: ,: ,: ,: ,: ,: ,: ,: ,: ,: ,: ,: ,: ,: ,: ,: ,: ,: ,: ,: 
NR,PET,TOTAL,TR,319023 ,152008 ,179131 ,259325 ,271453 ,270762 ,210168 ,256506 ,213378 ,224928 ,213082 ,199769 ,175420 ,172076 ,205095 ,264798 ,343157 ,: ,: ,: ,: ,: ,: ,: ,: ,: ,: ,: ,: ,: ,: ,: ,: ,: ,: ,: ,: ,: ,: ,: ,: ,: ,: ,: 
NR,PET,TOTAL,UK,: ,: ,1589618 ,1446500 ,1390355 ,1334875 ,: ,: ,: ,924509 d,1060883 d,1137889 d,1183062 d,: c,: c,: ,1748559 ,1914153 ,2042492 ,2122575 ,2001417 ,1940731 ,1918663 ,1814865 ,1658500 ,1540500 ,1474300 ,1514099 d,1465659 d,: ,: ,: ,: ,: ,: ,: ,: ,: ,: ,: ,: ,: ,: ,: 
NR,PET,TOTAL,XK,: ,0 ,2126 ,2928 ,: ,: ,: ,: ,: ,: ,: ,: ,: ,: ,: ,: ,: ,: ,: ,: ,: ,: ,: ,: ,: ,: ,: ,: ,: ,: ,: ,: ,: ,: ,: ,: ,: ,: ,: ,: ,: ,: ,: ,: 
NR,TOTAL,TOTAL,AL,43661 ,: ,: ,: ,: ,: ,: ,: ,: ,: ,: ,: ,: ,: ,: ,: ,: ,: ,: ,: ,: ,: ,: ,: ,: ,: ,: ,: ,: ,: ,: ,: ,: ,: ,: ,: ,: ,: ,: ,: ,: ,: ,: ,: 
NR,TOTAL,TOTAL,AT,248740 ,329363 ,341068 ,353320 ,329604 ,308555 ,303318 ,319035 ,336010 ,356145 ,328563 ,319403 ,293697 ,298182 ,308594 ,: ,311292 ,300121 ,279493 ,293528 ,309427 ,314182 ,295865 ,275001 ,307671 ,279610 ,273663 ,285162 ,320094 ,303723 ,288636 ,276065 ,: ,: ,: ,: ,: ,: ,: ,: ,: ,: ,: ,: 
NR,TOTAL,TOTAL,BA,41146 ,73290 ,72215 ,60522 ,60492 ,: ,: ,: ,: ,: ,: ,: ,: ,: ,: ,: ,: ,: ,: ,: ,: ,: ,: ,: ,: ,: ,: ,: ,: ,: ,: ,: ,: ,: ,: ,: ,: ,: ,: ,: ,: ,: ,: ,: 
NR,TOTAL,TOTAL,BE,439038 ,557970 ,557487 ,553692 ,546142 ,506284 ,487711 ,490369 ,490711 ,577382 ,551661 ,479920 ,540542 ,529606 ,530941 ,484915 ,489346 ,463173 ,472830 ,499779 ,531640 ,504203 ,463724 ,: ,408285 ,370165 ,403981 ,392530 ,485697 ,46766 ,478219 ,443963 ,430520 ,408879 ,397156 ,361948 d,354051 ,341243 ,346303 ,352613 ,401611 d,423668 ,357897 d,295701 d
NR,TOTAL,TOTAL,BG,20429 ,32885 ,28584 ,25995 ,20386 ,17271 ,16626 ,15114 ,196614 ,191430 ,186092 ,201304 ,351433 ,348887 ,182095 ,168102 ,150803 ,143480 ,121512 ,117333 ,98185 ,103459 ,70797 ,28166 ,69500 ,56702 ,76529 ,83713 ,44186 ,31093 ,46433 ,: ,: ,: ,: ,: ,: ,: ,: ,: ,: ,: ,: ,: 
NR,TOTAL,TOTAL,CH,238700 ,312900 ,300900 ,315000 ,319300 ,327100 ,304100 ,310200 ,334000 ,328000 e,296600 ,266500 e,288000 ,284000 ,269700 ,260682 ,267476 ,269711 ,293034 ,314580 ,314482 ,314691 ,295165 ,270625 ,272214 ,267975 ,265892 ,256917 ,286289 ,310193 ,322974 ,338969 ,319408 ,: ,: ,: ,: ,: ,: ,: ,: ,: ,: ,: 
NR,TOTAL,TOTAL,CY,10237 ,12601 ,13126 ,13118 ,12468 ,10078 ,8271 ,7047 ,20556 ,27929 ,32680 ,37494 ,51410 ,50908 ,37192 ,38676 ,43842 ,29961 ,28101 ,24533 ,19056 ,20133 ,24856 ,20290 ,20402 ,17938 ,13358 ,12968 ,18178 ,17681 ,19532 ,: ,: ,: ,: ,: ,: ,: ,: ,: ,: ,: ,: ,: 
NR,TOTAL,TOTAL,CZ,198400 ,247567 ,259525 ,269622 ,257854 ,229731 ,192923 ,164627 ,174311 ,172787 ,168372 ,160614 ,141954 ,129443 ,120370 ,125166 ,123579 ,144849 ,: ,: ,: ,: ,: ,: ,: ,: ,: ,: ,: ,: ,: ,: ,: ,: ,: ,: ,: ,: ,: ,: ,: ,: ,: ,: 
NR,TOTAL,TOTAL,DE,2917678 ,3607258 ,3435778 ,3441262 ,3285904 ,3206042 ,3036773 ,2952431 ,3082504 ,3173634 ,2916260 ,3807175 ,3090040 ,3148163 ,3467961 ,3342122 ,3266826 ,3236938 ,3252898 ,3341718 ,3378343 ,3802176 ,3735987 ,3528179 ,3496320 ,3314061 ,3209224 ,3194204 ,3929558 ,: ,3040783 ,2831740 ,2807939 ,2915654 ,2829438 ,2379261 d,2393939 ,2426774 ,2155537 ,2330335 ,2426187 d,2623400 ,2106048 d,2107123 d
NR,TOTAL,TOTAL,DK,198979 ,225634 ,218478 ,221476 ,222474 ,206652 ,188409 ,180643 ,: ,: ,: ,: ,184323 ,252183 ,131605 ,: ,: ,: ,111598 ,96114 ,113631 ,144259 ,162708 ,152869 ,142175 ,135058 ,139251 ,82205 ,84170 ,83828 ,80837 ,78453 ,88770 ,124324 ,169492 ,157632 d,134478 ,116346 ,85512 ,71778 ,73961 d,127114 ,115733 d,108634 d
NR,TOTAL,TOTAL,EE,19295 ,27579 ,26299 ,25621 ,23020 ,21064 ,21128 ,19690 ,19422 ,17058 ,10294 ,9948 ,24590 ,30916 ,25372 ,: ,16514 ,15824 ,14701 ,12822 ,10240 ,6864 ,8400 ,9448 ,35621 ,44471 ,51217 ,53168 ,36284 ,: ,: ,: ,: ,: ,: ,: ,: ,: ,: ,: ,: ,: ,: ,: 
NR,TOTAL,TOTAL,EL,79597 ,114007 ,103322 ,88001 ,78790 ,75497 ,70810 ,58659 b,64301 d,107737 d,153847 d,244539 d,295853 d,317879 d,304700 d,302613 d,317508 d,272515 ,277567 ,289943 ,302620 ,268716 ,183657 ,166778 ,141589 ,133757 ,118088 ,155646 ,206652 ,176862 ,132487 ,102314 ,76043 ,74180 ,96181 ,109435 d,85945 ,75222 ,91929 ,54879 ,41841 d,87169 ,60135 d,32354 d
NR,TOTAL,TOTAL,ES,939096 ,1375381 ,1424758 ,1342011 ,1230104 ,1094117 ,890125 ,742305 ,710638 d,817688 d,1000010 d,971177 d,1188485 d,1633806 d,1660627 d,: ,: ,: ,1408426 d,1498899 d,1467160 d,1502531 d,1282970 d,1091190 d,968363 d,870497 ,938971 ,775461 ,1008454 ,914061 ,1007014 ,1149373 ,1069220 ,928264 ,689051 ,575052 d,522229 ,550436 ,535733 ,505716 ,574149 d,620652 ,573247 e,572346 e
NR,TOTAL,TOTAL,FI,96418 ,114202 ,120505 ,118587 ,119000 ,108819 ,106235 ,103450 ,111664 ,126651 ,112418 ,90923 d,140216 d,126022 d,146201 d,: ,143160 d,148020 d,117486 d,109911 d,135243 d,137017 d,126386 d,104963 d,96163 d,80145 ,67434 d,56003 d,68891 d,92979 d,139742 d,177610 ,: ,: ,: ,: ,: ,: ,: ,: ,: ,: ,: ,: 
NR,TOTAL,TOTAL,FR,1631045 ,2172967 ,2138600 ,2079515 ,1984471 ,1886229 ,1765855 ,1756953 ,1857013 ,2160928 ,2210186 ,2269011 ,2050283 ,2064543 ,2000549 ,: ,2013709 ,2009246 ,2145071 ,2254732 ,2133884 ,2148423 ,1943553 ,1713030 ,2132091 ,1930504 ,1972919 ,1721222 ,2105700 ,2031274 ,2309130 ,2274307 ,2217149 ,2105180 ,1911521 ,1766328 d,1757673 ,2017617 ,2056490 ,1834646 ,1873202 d,1976391 ,1482310 d,1296240 d
NR,TOTAL,TOTAL,HR,95577 ,149137 ,140644 ,93802 ,96455 ,74181 ,68522 ,46563 ,40825 ,48883 ,46437 ,53569 ,96712 ,108015 ,114680 ,101916 ,99863 ,104399 ,94989 ,108484 ,92759 ,89846 ,85893 ,109144 ,73584 ,67576 ,58499 ,59337 ,31928 ,85813 ,66214 ,: ,: ,: ,: ,41738 ,: ,: ,: ,: ,54955 ,: ,46420 ,: 
NR,TOTAL,TOTAL,HU,128196 ,158167 ,136755 ,116305 ,96735 ,77414 ,68016 ,56510 ,106671 ,76528 ,61324 ,: c,176678 ,136032 ,151670 ,: ,188488 ,190107 ,160238 ,137771 ,130323 ,126085 ,101328 ,70827 ,62660 ,55970 ,45833 ,63058 ,45122 ,: ,143073 ,: ,: ,: ,: ,: ,: ,: ,: ,: ,: ,: ,: ,: 
NR,TOTAL,TOTAL,IE,92393 ,126104 ,128549 ,133579 ,149763 ,129959 ,84136 ,74960 ,77506 ,104022 ,105343 ,59358 ,158350 ,193915 ,173273 ,166270 ,149635 ,142992 ,150485 ,160908 ,225269 ,170322 ,138538 ,125818 ,109333 ,82730 ,77773 ,60792 ,67861 ,68533 ,83420 ,: ,: ,: ,: ,59592 ,: ,: ,: ,: ,91728 ,: ,: ,52947 
NR,TOTAL,TOTAL,IS,10622 ,13636 ,21227 ,25900 ,: ,: ,: ,: ,: ,: ,: ,: ,: ,: ,: ,22141 ,13927 e,10833 ,7375 ,7669 ,14769 ,17007 ,15064 ,11734 ,9515 ,6931 ,5570 ,5662 ,: ,: ,: ,: ,: ,: ,: ,: ,: ,: ,: ,: ,: ,: ,: ,: 
NR,TOTAL,TOTAL,IT,1437259 ,1948479 ,1944312 ,1993826 ,1848841 ,1593857 ,1376185 ,1311334 ,1403043 ,1764592 ,1971830 ,2176940 ,2193822 ,2514905 ,2541570 ,2441978 ,2743769 ,2516972 ,2224764 ,2379980 ,2359674 ,2312309 ,2437718 p,2389892 ,1843366 ,1766101 ,1610561 ,1645162 ,2341402 ,2217257 ,2395909 ,2391966 ,2167362 ,2037031 ,1854618 ,1653217 d,1572402 ,1451512 ,1851174 ,1808476 ,1530488 d,1397039 ,1050947 d,1363594 d
NR,TOTAL,TOTAL,LI,1510 ,1953 ,1849 ,2024 ,1984 ,2049 ,1800 ,1920 ,2108 ,2029 ,1782 ,1620 ,2005 ,1990 ,1890 ,: ,1790 ,1770 ,2074 ,2065 ,1937 ,2 ,2 ,2 ,2 ,2 ,: ,: ,: ,: ,: ,: ,: ,: ,: ,: ,: ,: ,: ,: ,: ,: ,: ,: 
NR,TOTAL,TOTAL,LT,40878 ,163925 ,169143 ,161115 ,139871 ,131606 ,136098 ,155855 ,153024 d,132117 ,161266 ,136803 ,191768 ,220236 d,185271 ,173644 ,134612 ,118263 ,93305 ,71328 ,115808 ,142069 ,147105 ,173057 ,122142 ,154850 ,: ,: ,: ,: ,: ,: ,: ,: ,: ,: ,: ,: ,: ,: ,: ,: ,: ,: 
NR,TOTAL,TOTAL,LU,45189 ,54069 ,52811 ,52775 ,50561 ,46473 ,49793 ,46624 ,50398 ,49881 ,49726 ,47264 ,52359 ,51332 ,50837 ,48517 ,48273 ,43765 ,43677 ,43164 ,42304 ,40989 ,36353 ,: ,: ,: ,30124 ,30679 ,37133 ,44055 ,38648 ,34382 ,33847 ,32660 ,32960 ,29235 d,28597 ,26482 ,25796 ,23008 ,22440 d,22796 ,17356 d,11633 d
NR,TOTAL,TOTAL,LV,13725 ,18537 ,17185 ,17064 ,16768 ,14291 ,13173 ,55808 ,50135 ,43468 ,26656 ,17288 ,54759 ,107003 ,97399 ,69704 ,57474 ,50290 ,40335 ,37850 ,35745 ,45861 ,57363 ,71513 ,52112 ,49322 ,: ,: ,: ,: ,: ,: ,: ,: ,: ,: ,: ,: ,: ,: ,: ,: ,: ,: 
NR,TOTAL,TOTAL,ME,: ,3196 ,3225 ,2979 ,2300 ,: ,: ,: ,: ,: ,: ,: ,: ,: ,: ,: ,: ,: ,: ,: ,: ,: ,: ,: ,: ,: ,: ,: ,: ,: ,: ,: ,: ,: ,: ,: ,: ,: ,: ,: ,: ,: ,: ,: 
NR,TOTAL,TOTAL,MK,29952 ,39217 ,33072 ,26609 ,30423 ,29308 ,29766 ,31927 ,32870 ,40090 ,49291 ,13113 ,17914 ,16914 ,12450 ,15894 ,: ,: ,32641 ,4755 ,13763 ,9840 ,8676 ,8911 ,13270 ,14268 ,10152 ,8361 ,4802 ,13069 ,13809 ,: ,: ,: ,: ,: ,: ,: ,: ,: ,: ,: ,: ,: 
NR,TOTAL,TOTAL,MT,4602 ,7698 ,8175 ,7776 ,7306 ,7168 ,15439 ,13094 ,13037 ,15875 ,13605 ,15816 ,9542 d,9574 ,9966 ,10058 ,: ,: ,10267 ,10295 ,13055 ,13341 ,10750 ,9226 ,10624 ,10102 ,: ,: ,: ,: ,8218 ,: ,: ,: ,: ,: ,: ,: ,: ,: ,: ,: ,: ,: 
NR,TOTAL,TOTAL,NL,355431 ,445217 ,443529 ,414309 ,382512 ,448906 ,387568 ,416717 ,502479 ,555846 ,482633 ,387408 ,500098 ,505779 ,483999 ,465196 ,483885 ,488977 ,510744 ,530287 ,597623 ,611776 ,543110 ,478318 ,: ,: ,433913 ,391934 ,492130 ,490407 ,502671 ,495653 ,482617 ,555743 ,560512 ,495685 d,461391 ,459131 ,406774 ,389312 ,450974 d,575059 ,450220 d,432231 d
NR,TOTAL,TOTAL,NO,147120 ,148682 ,158837 ,167692 ,160404 ,158577 ,149963 ,150018 ,171828 ,168552 ,159374 ,125903 ,138241 ,162970 ,142572 ,: ,145538 ,: ,: ,: ,126978 ,123843 ,141090 ,154654 ,146835 ,97880 ,91336 ,63988 ,61648 ,55111 ,63668 ,56944 ,70611 ,: ,: ,: ,: ,: ,: ,: ,: ,: ,: ,: 
NR,TOTAL,TOTAL,PL,1179776 ,1453505 ,1430332 ,1336787 ,1361270 ,1145506 ,1047598 ,987809 ,908906 ,928457 ,873098 ,864295 ,1280633 ,1128684 ,923783 ,979082 ,833021 d,274392 ,421167 ,450095 ,519407 ,599250 ,557783 ,722245 ,627349 ,450769 ,486600 ,477353 ,471026 ,734885 ,358055 ,: ,: ,: ,: ,: ,: ,: ,: ,: ,: ,: ,: ,: 
NR,TOTAL,TOTAL,PT,202986 ,303798 ,305710 ,292209 ,272603 ,224892 ,172642 ,123334 ,110002 ,177183 ,248813 ,181132 ,: ,: ,: ,: ,: ,: ,267374 d,302763 d,340397 d,351575 d,323981 d,287730 d,268542 d,228812 d,243254 d,248462 d,280035 d,231176 d,212348 d,192772 ,208629 ,938889 ,114400 ,104423 d,103264 ,113632 ,129631 ,123149 ,97034 d,77281 ,90167 e,83800 e
NR,TOTAL,TOTAL,RO,126329 ,161564 ,130921 ,106873 ,95181 ,81175 ,70175 ,57700 ,66789 ,176555 ,309952 ,328880 ,586476 ,436349 ,312515 ,179531 ,149290 ,: ,: ,: ,: ,90047 ,105986 ,125142 ,: ,: ,: ,: ,: ,: ,: ,: ,: ,: ,: ,: ,: ,: ,: ,: ,: ,: ,: ,: 
NR,TOTAL,TOTAL,SE,293771 ,366946 ,365513 ,392717 ,387997 ,361908 ,324030 ,292162 ,301316 ,326615 ,308718 ,228519 ,257806 ,321705 ,300502 ,297050 ,297405 ,293035 ,281446 ,280280 ,342965 ,327710 ,286671 ,258944 ,200154 ,175061 ,159578 ,127738 ,157295 ,191755 ,235192 ,314126 ,: ,: ,: ,: ,: ,: ,: ,: ,: ,: ,: ,: 
NR,TOTAL,TOTAL,SI,53367 ,72710 ,74518 ,72477 ,64899 ,60668 ,54086 ,51968 ,49700 ,59813 ,60777 ,57391 ,71037 ,67791 ,59885 ,60531 ,62697 ,59881 ,50859 ,52316 ,55120 ,77217 ,67133 ,64357 ,59358 ,61700 ,47217 ,59878 ,31191 ,: ,: ,: ,: ,: ,: ,: ,: ,: ,: ,: ,: ,: ,: ,: 
NR,TOTAL,TOTAL,SK,76300 ,101743 ,98602 ,96312 ,88504 ,78180 ,71693 ,65466 ,130818 ,130772 ,126663 ,148370 ,151814 ,146292 ,: ,: ,71954 ,71954 ,67298 ,66759 ,54352 ,58152 ,76007 ,85551 ,107576 ,: ,: ,41694 ,: ,: ,: ,: ,: ,: ,: ,: ,: ,: ,: ,: ,: ,: ,: ,: 
NR,TOTAL,TOTAL,TR,601525 ,386748 ,526235 ,741902 ,746074 ,746395 ,585814 ,654905 ,565791 ,602248 ,485619 ,357986 ,353168 ,353495 ,396542 ,406807 ,432728 ,176217 ,170191 ,117196 ,354013 ,: ,271843 ,299108 ,219230 ,200658 ,244289 ,441534 ,317044 ,: ,218059 ,: ,: ,: ,: ,: ,: ,: ,: ,: ,: ,: ,: ,: 
NR,TOTAL,TOTAL,UK,: ,: ,2341505 ,2509330 ,2665251 ,2602146 ,: ,: ,: ,1907411 d,1996324 d,1968000 d,2112000 d,: c,: c,: ,2668449 d,2720096 ,2756342 ,2663288 ,2432149 ,2414660 ,2362589 ,2250870 ,2105914 ,1938100 ,1982929 ,1845714 ,1663846 ,1665664 ,2075982 ,2480048 ,2382480 ,2166201 ,2024992 ,1983096 d,1893313 ,1938169 ,1676982 ,1539586 ,1566459 d,1764437 ,1197206 d,1116196 d
NR,TOTAL,TOTAL,XK,: ,22587 ,9842 ,19500 ,: ,: ,: ,: ,: ,: ,: ,: ,: ,: ,: ,: ,: ,: ,: ,: ,: ,: ,: ,: ,: ,: ,: ,: ,: ,: ,: ,: ,: ,: ,: ,: ,: ,: ,: ,: ,: ,: ,: ,: 
