GEO,UNIT,MOT_NRG,ENGINE\TIME	1970	1975	1979	1980	1981	1982	1983	1984	1985	1986	1987	1988	1989	1990	1991	1992	1993	1994	1995	1996	1997	1998	1999	2000	2001	2002	2003	2004	2005	2006	2007	2008	2009	2010	2011	2012	2013	2014	2015	2016	2017	2018	2019	2020
Belgium,Number,Total,Total	295,701	357,897	423,668	401,611	352,613	346,303	341,243	354,051	361,948	397,156	408,879	430,520	443,963	478,219	46,766	485,697	392,530	403,981	370,165	408,285	:	463,724	504,203	531,640	499,779	472,830	463,173	489,346	484,915	530,941	529,606	540,542	479,920	551,661	577,382	490,711	490,369	487,711	506,284	546,142	553,692	557,487	557,970	439,038
Bulgaria,Number,Total,Total	:	:	:	:	:	:	:	:	:	:	:	:	:	46,433	31,093	44,186	83,713	76,529	56,702	69,500	28,166	70,797	103,459	98,185	117,333	121,512	143,480	150,803	168,102	182,095	348,887	351,433	201,304	186,092	191,430	196,614	15,114	16,626	17,271	20,386	25,995	28,584	32,885	20,429
Czechia,Number,Total,Total	:	:	:	:	:	:	:	:	:	:	:	:	:	:	:	:	:	:	:	:	:	:	:	:	:	:	144,849	123,579	125,166	120,370	129,443	141,954	160,614	168,372	172,787	174,311	164,627	192,923	229,731	257,854	269,622	259,525	247,567	198,400
Denmark,Number,Total,Total	108,634	115,733	127,114	73,961	71,778	85,512	116,346	134,478	157,632	169,492	124,324	88,770	78,453	80,837	83,828	84,170	82,205	139,251	135,058	142,175	152,869	162,708	144,259	113,631	96,114	111,598	:	:	:	131,605	252,183	184,323	:	:	:	:	180,643	188,409	206,652	222,474	221,476	218,478	225,634	198,979
Germany (until 1990 former territory of the FRG),Number,Total,Total	2,107,123	2,106,048	2,623,400	2,426,187	2,330,335	2,155,537	2,426,774	2,393,939	2,379,261	2,829,438	2,915,654	2,807,939	2,831,740	3,040,783	:	3,929,558	3,194,204	3,209,224	3,314,061	3,496,320	3,528,179	3,735,987	3,802,176	3,378,343	3,341,718	3,252,898	3,236,938	3,266,826	3,342,122	3,467,961	3,148,163	3,090,040	3,807,175	2,916,260	3,173,634	3,082,504	2,952,431	3,036,773	3,206,042	3,285,904	3,441,262	3,435,778	3,607,258	2,917,678
Estonia,Number,Total,Total	:	:	:	:	:	:	:	:	:	:	:	:	:	:	:	36,284	53,168	51,217	44,471	35,621	9,448	8,400	6,864	10,240	12,822	14,701	15,824	16,514	:	25,372	30,916	24,590	9,948	10,294	17,058	19,422	19,690	21,128	21,064	23,020	25,621	26,299	27,579	19,295
Ireland,Number,Total,Total	52,947	:	:	91,728	:	:	:	:	59,592	:	:	:	:	83,420	68,533	67,861	60,792	77,773	82,730	109,333	125,818	138,538	170,322	225,269	160,908	150,485	142,992	149,635	166,270	173,273	193,915	158,350	59,358	105,343	104,022	77,506	74,960	84,136	129,959	149,763	133,579	128,549	126,104	92,393
Greece,Number,Total,Total	32,354	60,135	87,169	41,841	54,879	91,929	75,222	85,945	109,435	96,181	74,180	76,043	102,314	132,487	176,862	206,652	155,646	118,088	133,757	141,589	166,778	183,657	268,716	302,620	289,943	277,567	272,515	317,508	302,613	304,700	317,879	295,853	244,539	153,847	107,737	64,301	58,659	70,810	75,497	78,790	88,001	103,322	114,007	79,597
Spain,Number,Total,Total	572,346	573,247	620,652	574,149	505,716	535,733	550,436	522,229	575,052	689,051	928,264	1,069,220	1,149,373	1,007,014	914,061	1,008,454	775,461	938,971	870,497	968,363	1,091,190	1,282,970	1,502,531	1,467,160	1,498,899	1,408,426	:	:	:	1,660,627	1,633,806	1,188,485	971,177	1,000,010	817,688	710,638	742,305	890,125	1,094,117	1,230,104	1,342,011	1,424,758	1,375,381	939,096
France,Number,Total,Total	1,296,240	1,482,310	1,976,391	1,873,202	1,834,646	2,056,490	2,017,617	1,757,673	1,766,328	1,911,521	2,105,180	2,217,149	2,274,307	2,309,130	2,031,274	2,105,700	1,721,222	1,972,919	1,930,504	2,132,091	1,713,030	1,943,553	2,148,423	2,133,884	2,254,732	2,145,071	2,009,246	2,013,709	:	2,000,549	2,064,543	2,050,283	2,269,011	2,210,186	2,160,928	1,857,013	1,756,953	1,765,855	1,886,229	1,984,471	2,079,515	2,138,600	2,172,967	1,631,045
Croatia,Number,Total,Total	:	46,420	:	54,955	:	:	:	:	41,738	:	:	:	:	66,214	85,813	31,928	59,337	58,499	67,576	73,584	109,144	85,893	89,846	92,759	108,484	94,989	104,399	99,863	101,916	114,680	108,015	96,712	53,569	46,437	48,883	40,825	46,563	68,522	74,181	96,455	93,802	140,644	149,137	95,577
Italy,Number,Total,Total	1,363,594	1,050,947	1,397,039	1,530,488	1,808,476	1,851,174	1,451,512	1,572,402	1,653,217	1,854,618	2,037,031	2,167,362	2,391,966	2,395,909	2,217,257	2,341,402	1,645,162	1,610,561	1,766,101	1,843,366	2,389,892	2,437,718	2,312,309	2,359,674	2,379,980	2,224,764	2,516,972	2,743,769	2,441,978	2,541,570	2,514,905	2,193,822	2,176,940	1,971,830	1,764,592	1,403,043	1,311,334	1,376,185	1,593,857	1,848,841	1,993,826	1,944,312	1,948,479	1,437,259
Cyprus,Number,Total,Total	:	:	:	:	:	:	:	:	:	:	:	:	:	19,532	17,681	18,178	12,968	13,358	17,938	20,402	20,290	24,856	20,133	19,056	24,533	28,101	29,961	43,842	38,676	37,192	50,908	51,410	37,494	32,680	27,929	20,556	7,047	8,271	10,078	12,468	13,118	13,126	12,601	10,237
Latvia,Number,Total,Total	:	:	:	:	:	:	:	:	:	:	:	:	:	:	:	:	:	:	49,322	52,112	71,513	57,363	45,861	35,745	37,850	40,335	50,290	57,474	69,704	97,399	107,003	54,759	17,288	26,656	43,468	50,135	55,808	13,173	14,291	16,768	17,064	17,185	18,537	13,725
Lithuania,Number,Total,Total	:	:	:	:	:	:	:	:	:	:	:	:	:	:	:	:	:	:	154,850	122,142	173,057	147,105	142,069	115,808	71,328	93,305	118,263	134,612	173,644	185,271	220,236	191,768	136,803	161,266	132,117	153,024	155,855	136,098	131,606	139,871	161,115	169,143	163,925	40,878
Luxembourg,Number,Total,Total	11,633	17,356	22,796	22,440	23,008	25,796	26,482	28,597	29,235	32,960	32,660	33,847	34,382	38,648	44,055	37,133	30,679	30,124	:	:	:	36,353	40,989	42,304	43,164	43,677	43,765	48,273	48,517	50,837	51,332	52,359	47,264	49,726	49,881	50,398	46,624	49,793	46,473	50,561	52,775	52,811	54,069	45,189
Hungary,Number,Total,Total	:	:	:	:	:	:	:	:	:	:	:	:	:	143,073	:	45,122	63,058	45,833	55,970	62,660	70,827	101,328	126,085	130,323	137,771	160,238	190,107	188,488	:	151,670	136,032	176,678	:	61,324	76,528	106,671	56,510	68,016	77,414	96,735	116,305	136,755	158,167	128,196
Malta,Number,Total,Total	:	:	:	:	:	:	:	:	:	:	:	:	:	8,218	:	:	:	:	10,102	10,624	9,226	10,750	13,341	13,055	10,295	10,267	:	:	10,058	9,966	9,574	9,542	15,816	13,605	15,875	13,037	13,094	15,439	7,168	7,306	7,776	8,175	7,698	4,602
Netherlands,Number,Total,Total	432,231	450,220	575,059	450,974	389,312	406,774	459,131	461,391	495,685	560,512	555,743	482,617	495,653	502,671	490,407	492,130	391,934	433,913	:	:	478,318	543,110	611,776	597,623	530,287	510,744	488,977	483,885	465,196	483,999	505,779	500,098	387,408	482,633	555,846	502,479	416,717	387,568	448,906	382,512	414,309	443,529	445,217	355,431
Austria,Number,Total,Total	:	:	:	:	:	:	:	:	:	:	:	:	276,065	288,636	303,723	320,094	285,162	273,663	279,610	307,671	275,001	295,865	314,182	309,427	293,528	279,493	300,121	311,292	:	308,594	298,182	293,697	319,403	328,563	356,145	336,010	319,035	303,318	308,555	329,604	353,320	341,068	329,363	248,740
Poland,Number,Total,Total	:	:	:	:	:	:	:	:	:	:	:	:	:	358,055	734,885	471,026	477,353	486,600	450,769	627,349	722,245	557,783	599,250	519,407	450,095	421,167	274,392	833,021	979,082	923,783	1,128,684	1,280,633	864,295	873,098	928,457	908,906	987,809	1,047,598	1,145,506	1,361,270	1,336,787	1,430,332	1,453,505	1,179,776
Portugal,Number,Total,Total	83,800	90,167	77,281	97,034	123,149	129,631	113,632	103,264	104,423	114,400	938,889	208,629	192,772	212,348	231,176	280,035	248,462	243,254	228,812	268,542	287,730	323,981	351,575	340,397	302,763	267,374	:	:	:	:	:	:	181,132	248,813	177,183	110,002	123,334	172,642	224,892	272,603	292,209	305,710	303,798	202,986
Romania,Number,Total,Total	:	:	:	:	:	:	:	:	:	:	:	:	:	:	:	:	:	:	:	:	125,142	105,986	90,047	:	:	:	:	149,290	179,531	312,515	436,349	586,476	328,880	309,952	176,555	66,789	57,700	70,175	81,175	95,181	106,873	130,921	161,564	126,329
Slovenia,Number,Total,Total	:	:	:	:	:	:	:	:	:	:	:	:	:	:	:	31,191	59,878	47,217	61,700	59,358	64,357	67,133	77,217	55,120	52,316	50,859	59,881	62,697	60,531	59,885	67,791	71,037	57,391	60,777	59,813	49,700	51,968	54,086	60,668	64,899	72,477	74,518	72,710	53,367
Slovakia,Number,Total,Total	:	:	:	:	:	:	:	:	:	:	:	:	:	:	:	:	41,694	:	:	107,576	85,551	76,007	58,152	54,352	66,759	67,298	71,954	71,954	:	:	146,292	151,814	148,370	126,663	130,772	130,818	65,466	71,693	78,180	88,504	96,312	98,602	101,743	76,300
Finland,Number,Total,Total	:	:	:	:	:	:	:	:	:	:	:	:	177,610	139,742	92,979	68,891	56,003	67,434	80,145	96,163	104,963	126,386	137,017	135,243	109,911	117,486	148,020	143,160	:	146,201	126,022	140,216	90,923	112,418	126,651	111,664	103,450	106,235	108,819	119,000	118,587	120,505	114,202	96,418
Sweden,Number,Total,Total	:	:	:	:	:	:	:	:	:	:	:	:	314,126	235,192	191,755	157,295	127,738	159,578	175,061	200,154	258,944	286,671	327,710	342,965	280,280	281,446	293,035	297,405	297,050	300,502	321,705	257,806	228,519	308,718	326,615	301,316	292,162	324,030	361,908	387,997	392,717	365,513	366,946	293,771
Iceland,Number,Total,Total	:	:	:	:	:	:	:	:	:	:	:	:	:	:	:	:	5,662	5,570	6,931	9,515	11,734	15,064	17,007	14,769	7,669	7,375	10,833	13,927	22,141	:	:	:	:	:	:	:	:	:	:	:	25,900	21,227	13,636	10,622
Liechtenstein,Number,Total,Total	:	:	:	:	:	:	:	:	:	:	:	:	:	:	:	:	:	:	2	2	2	2	2	1,937	2,065	2,074	1,770	1,790	:	1,890	1,990	2,005	1,620	1,782	2,029	2,108	1,920	1,800	2,049	1,984	2,024	1,849	1,953	1,510
Norway,Number,Total,Total	:	:	:	:	:	:	:	:	:	:	:	70,611	56,944	63,668	55,111	61,648	63,988	91,336	97,880	146,835	154,654	141,090	123,843	126,978	:	:	:	145,538	:	142,572	162,970	138,241	125,903	159,374	168,552	171,828	150,018	149,963	158,577	160,404	167,692	158,837	148,682	147,120
Switzerland,Number,Total,Total	:	:	:	:	:	:	:	:	:	:	:	319,408	338,969	322,974	310,193	286,289	256,917	265,892	267,975	272,214	270,625	295,165	314,691	314,482	314,580	293,034	269,711	267,476	260,682	269,700	284,000	288,000	266,500	296,600	328,000	334,000	310,200	304,100	327,100	319,300	315,000	300,900	312,900	238,700
United Kingdom,Number,Total,Total	1,116,196	1,197,206	1,764,437	1,566,459	1,539,586	1,676,982	1,938,169	1,893,313	1,983,096	2,024,992	2,166,201	2,382,480	2,480,048	2,075,982	1,665,664	1,663,846	1,845,714	1,982,929	1,938,100	2,105,914	2,250,870	2,362,589	2,414,660	2,432,149	2,663,288	2,756,342	2,720,096	2,668,449	:	:	:	2,112,000	1,968,000	1,996,324	1,907,411	:	:	:	2,602,146	2,665,251	2,509,330	2,341,505	:	:
Montenegro,Number,Total,Total	:	:	:	:	:	:	:	:	:	:	:	:	:	:	:	:	:	:	:	:	:	:	:	:	:	:	:	:	:	:	:	:	:	:	:	:	:	:	:	2,300	2,979	3,225	3,196	:
North Macedonia,Number,Total,Total	:	:	:	:	:	:	:	:	:	:	:	:	:	13,809	13,069	4,802	8,361	10,152	14,268	13,270	8,911	8,676	9,840	13,763	4,755	32,641	:	:	15,894	12,450	16,914	17,914	13,113	49,291	40,090	32,870	31,927	29,766	29,308	30,423	26,609	33,072	39,217	29,952
Albania,Number,Total,Total	:	:	:	:	:	:	:	:	:	:	:	:	:	:	:	:	:	:	:	:	:	:	:	:	:	:	:	:	:	:	:	:	:	:	:	:	:	:	:	:	:	:	:	43,661
Turkey,Number,Total,Total	:	:	:	:	:	:	:	:	:	:	:	:	:	218,059	:	317,044	441,534	244,289	200,658	219,230	299,108	271,843	:	354,013	117,196	170,191	176,217	432,728	406,807	396,542	353,495	353,168	357,986	485,619	602,248	565,791	654,905	585,814	746,395	746,074	741,902	526,235	386,748	601,525
Bosnia and Herzegovina,Number,Total,Total	:	:	:	:	:	:	:	:	:	:	:	:	:	:	:	:	:	:	:	:	:	:	:	:	:	:	:	:	:	:	:	:	:	:	:	:	:	:	:	60,492	60,522	72,215	73,290	41,146
Kosovo (under United Nations Security Council Resolution 1244/99),Number,Total,Total	:	:	:	:	:	:	:	:	:	:	:	:	:	:	:	:	:	:	:	:	:	:	:	:	:	:	:	:	:	:	:	:	:	:	:	:	:	:	:	:	19,500	9,842	22,587	:
Belgium,Number,Total,Less than 1 400 cm³	:	:	:	:	:	:	:	:	:	:	:	:	:	:	:	:	:	:	:	:	:	:	:	:	:	:	:	:	:	:	:	:	:	:	:	:	:	:	:	:	:	:	:	:
Bulgaria,Number,Total,Less than 1 400 cm³	:	:	:	:	:	:	:	:	:	:	:	:	:	:	:	:	:	:	:	:	:	:	:	:	:	:	:	:	:	:	:	:	:	:	:	:	:	:	:	:	:	:	:	:
Czechia,Number,Total,Less than 1 400 cm³	:	:	:	:	:	:	:	:	:	:	:	:	:	:	:	:	:	:	:	:	:	:	:	:	:	:	:	:	:	:	:	:	:	:	:	:	:	:	:	:	:	:	:	:
Denmark,Number,Total,Less than 1 400 cm³	:	:	:	:	:	:	:	:	:	:	:	:	:	:	:	:	:	:	:	:	:	:	:	:	:	:	:	:	:	:	:	:	:	:	:	:	:	:	:	:	:	:	:	:
Germany (until 1990 former territory of the FRG),Number,Total,Less than 1 400 cm³	:	:	:	:	:	:	:	:	:	:	:	:	:	:	:	:	:	:	:	:	:	:	:	:	:	:	:	:	:	:	:	:	:	:	:	:	:	:	:	:	:	:	:	:
Estonia,Number,Total,Less than 1 400 cm³	:	:	:	:	:	:	:	:	:	:	:	:	:	:	:	:	:	:	:	:	:	:	:	:	:	:	:	:	:	:	:	:	:	:	:	:	:	:	:	:	:	:	:	:
Ireland,Number,Total,Less than 1 400 cm³	:	:	:	:	:	:	:	:	:	:	:	:	:	:	:	:	:	:	:	:	:	:	:	:	:	:	:	:	:	:	:	:	:	:	:	:	:	:	:	:	:	:	:	:
Greece,Number,Total,Less than 1 400 cm³	:	:	:	:	:	:	:	:	:	:	:	:	:	:	:	:	:	:	:	:	:	:	:	:	:	:	:	:	:	:	:	:	:	:	:	:	:	:	:	:	:	:	:	:
Spain,Number,Total,Less than 1 400 cm³	:	:	:	:	:	:	:	:	:	:	:	:	:	:	:	:	:	:	:	:	:	:	:	:	:	:	:	:	:	:	:	:	:	:	:	:	:	:	:	:	:	:	:	:
France,Number,Total,Less than 1 400 cm³	:	:	:	:	:	:	:	:	:	:	:	:	:	:	:	:	:	:	:	:	:	:	:	:	:	:	:	:	:	:	:	:	:	:	:	:	:	:	:	:	:	:	:	:
Croatia,Number,Total,Less than 1 400 cm³	:	:	:	:	:	:	:	:	:	:	:	:	:	:	:	:	:	:	:	:	:	:	:	:	:	:	:	:	:	:	:	:	:	:	:	:	:	:	:	:	:	:	:	:
Italy,Number,Total,Less than 1 400 cm³	:	:	:	:	:	:	:	:	:	:	:	:	:	:	:	:	:	:	:	:	:	:	:	:	:	:	:	:	:	:	:	:	:	:	:	:	:	:	:	:	:	:	:	:
Cyprus,Number,Total,Less than 1 400 cm³	:	:	:	:	:	:	:	:	:	:	:	:	:	:	:	:	:	:	:	:	:	:	:	:	:	:	:	:	:	:	:	:	:	:	:	:	:	:	:	:	:	:	:	:
Latvia,Number,Total,Less than 1 400 cm³	:	:	:	:	:	:	:	:	:	:	:	:	:	:	:	:	:	:	:	:	:	:	:	:	:	:	:	:	:	:	:	:	:	:	:	:	:	:	:	:	:	:	:	:
Lithuania,Number,Total,Less than 1 400 cm³	:	:	:	:	:	:	:	:	:	:	:	:	:	:	:	:	:	:	:	:	:	:	:	:	:	:	:	:	:	:	:	:	:	:	:	:	:	:	:	:	:	:	:	:
Luxembourg,Number,Total,Less than 1 400 cm³	:	:	:	:	:	:	:	:	:	:	:	:	:	:	:	:	:	:	:	:	:	:	:	:	:	:	:	:	:	:	:	:	:	:	:	:	:	:	:	:	:	:	:	:
Hungary,Number,Total,Less than 1 400 cm³	:	:	:	:	:	:	:	:	:	:	:	:	:	:	:	:	:	:	:	:	:	:	:	:	:	:	:	:	:	:	:	:	:	:	:	:	:	:	:	:	:	:	:	:
Malta,Number,Total,Less than 1 400 cm³	:	:	:	:	:	:	:	:	:	:	:	:	:	:	:	:	:	:	:	:	:	:	:	:	:	:	:	:	:	:	:	:	:	:	:	:	:	:	:	:	:	:	:	:
Netherlands,Number,Total,Less than 1 400 cm³	:	:	:	:	:	:	:	:	:	:	:	:	:	:	:	:	:	:	:	:	:	:	:	:	:	:	:	:	:	:	:	:	:	:	:	:	:	:	:	:	:	:	:	:
Austria,Number,Total,Less than 1 400 cm³	:	:	:	:	:	:	:	:	:	:	:	:	:	:	:	:	:	:	:	:	:	:	:	:	:	:	:	:	:	:	:	:	:	:	:	:	:	:	:	:	:	:	:	:
Poland,Number,Total,Less than 1 400 cm³	:	:	:	:	:	:	:	:	:	:	:	:	:	:	:	:	:	:	:	:	:	:	:	:	:	:	:	:	:	:	:	:	:	:	:	:	:	:	:	:	:	:	:	:
Portugal,Number,Total,Less than 1 400 cm³	:	:	:	:	:	:	:	:	:	:	:	:	:	:	:	:	:	:	:	:	:	:	:	:	:	:	:	:	:	:	:	:	:	:	:	:	:	:	:	:	:	:	:	:
Romania,Number,Total,Less than 1 400 cm³	:	:	:	:	:	:	:	:	:	:	:	:	:	:	:	:	:	:	:	:	:	:	:	:	:	:	:	:	:	:	:	:	:	:	:	:	:	:	:	:	:	:	:	:
Slovenia,Number,Total,Less than 1 400 cm³	:	:	:	:	:	:	:	:	:	:	:	:	:	:	:	:	:	:	:	:	:	:	:	:	:	:	:	:	:	:	:	:	:	:	:	:	:	:	:	:	:	:	:	:
Slovakia,Number,Total,Less than 1 400 cm³	:	:	:	:	:	:	:	:	:	:	:	:	:	:	:	:	:	:	:	:	:	:	:	:	:	:	:	:	:	:	:	:	:	:	:	:	:	:	:	:	:	:	:	:
Finland,Number,Total,Less than 1 400 cm³	:	:	:	:	:	:	:	:	:	:	:	:	:	:	:	:	:	:	:	:	:	:	:	:	:	:	:	:	:	:	:	:	:	:	:	:	:	:	:	:	:	:	:	:
Sweden,Number,Total,Less than 1 400 cm³	:	:	:	:	:	:	:	:	:	:	:	:	:	:	:	:	:	:	:	:	:	:	:	:	:	:	:	:	:	:	:	:	:	:	:	:	:	:	:	:	:	:	:	:
Iceland,Number,Total,Less than 1 400 cm³	:	:	:	:	:	:	:	:	:	:	:	:	:	:	:	:	:	:	:	:	:	:	:	:	:	:	:	:	:	:	:	:	:	:	:	:	:	:	:	:	:	:	:	:
Liechtenstein,Number,Total,Less than 1 400 cm³	:	:	:	:	:	:	:	:	:	:	:	:	:	:	:	:	:	:	:	:	:	:	:	:	:	:	:	:	:	:	:	:	:	:	:	:	:	:	:	:	:	:	:	:
Norway,Number,Total,Less than 1 400 cm³	:	:	:	:	:	:	:	:	:	:	:	:	:	:	:	:	:	:	:	:	:	:	:	:	:	:	:	:	:	:	:	:	:	:	:	:	:	:	:	:	:	:	:	:
Switzerland,Number,Total,Less than 1 400 cm³	:	:	:	:	:	:	:	:	:	:	:	:	:	:	:	:	:	:	:	:	:	:	:	:	:	:	:	:	:	:	:	:	:	:	:	:	:	:	:	:	:	:	:	:
United Kingdom,Number,Total,Less than 1 400 cm³	:	:	:	:	:	:	:	:	:	:	:	:	:	:	:	:	:	:	:	:	:	:	:	:	:	:	:	:	:	:	:	:	:	:	:	:	:	:	:	:	:	:	:	:
Montenegro,Number,Total,Less than 1 400 cm³	:	:	:	:	:	:	:	:	:	:	:	:	:	:	:	:	:	:	:	:	:	:	:	:	:	:	:	:	:	:	:	:	:	:	:	:	:	:	:	:	:	:	:	:
North Macedonia,Number,Total,Less than 1 400 cm³	:	:	:	:	:	:	:	:	:	:	:	:	:	:	:	:	:	:	:	:	:	:	:	:	:	:	:	:	:	:	:	:	:	:	:	:	:	:	:	:	:	:	:	:
Albania,Number,Total,Less than 1 400 cm³	:	:	:	:	:	:	:	:	:	:	:	:	:	:	:	:	:	:	:	:	:	:	:	:	:	:	:	:	:	:	:	:	:	:	:	:	:	:	:	:	:	:	:	:
Turkey,Number,Total,Less than 1 400 cm³	:	:	:	:	:	:	:	:	:	:	:	:	:	:	:	:	:	:	:	:	:	:	:	:	:	:	:	:	:	:	:	:	:	:	:	:	:	:	:	:	:	:	:	:
Bosnia and Herzegovina,Number,Total,Less than 1 400 cm³	:	:	:	:	:	:	:	:	:	:	:	:	:	:	:	:	:	:	:	:	:	:	:	:	:	:	:	:	:	:	:	:	:	:	:	:	:	:	:	:	:	:	:	:
Kosovo (under United Nations Security Council Resolution 1244/99),Number,Total,Less than 1 400 cm³	:	:	:	:	:	:	:	:	:	:	:	:	:	:	:	:	:	:	:	:	:	:	:	:	:	:	:	:	:	:	:	:	:	:	:	:	:	:	:	:	:	:	:	:
Belgium,Number,Total,From 1 400 to 1 999 cm³	:	:	:	:	:	:	:	:	:	:	:	:	:	:	:	:	:	:	:	:	:	:	:	:	:	:	:	:	:	:	:	:	:	:	:	:	:	:	:	:	:	:	:	:
Bulgaria,Number,Total,From 1 400 to 1 999 cm³	:	:	:	:	:	:	:	:	:	:	:	:	:	:	:	:	:	:	:	:	:	:	:	:	:	:	:	:	:	:	:	:	:	:	:	:	:	:	:	:	:	:	:	:
Czechia,Number,Total,From 1 400 to 1 999 cm³	:	:	:	:	:	:	:	:	:	:	:	:	:	:	:	:	:	:	:	:	:	:	:	:	:	:	:	:	:	:	:	:	:	:	:	:	:	:	:	:	:	:	:	:
Denmark,Number,Total,From 1 400 to 1 999 cm³	:	:	:	:	:	:	:	:	:	:	:	:	:	:	:	:	:	:	:	:	:	:	:	:	:	:	:	:	:	:	:	:	:	:	:	:	:	:	:	:	:	:	:	:
Germany (until 1990 former territory of the FRG),Number,Total,From 1 400 to 1 999 cm³	:	:	:	:	:	:	:	:	:	:	:	:	:	:	:	:	:	:	:	:	:	:	:	:	:	:	:	:	:	:	:	:	:	:	:	:	:	:	:	:	:	:	:	:
Estonia,Number,Total,From 1 400 to 1 999 cm³	:	:	:	:	:	:	:	:	:	:	:	:	:	:	:	:	:	:	:	:	:	:	:	:	:	:	:	:	:	:	:	:	:	:	:	:	:	:	:	:	:	:	:	:
Ireland,Number,Total,From 1 400 to 1 999 cm³	:	:	:	:	:	:	:	:	:	:	:	:	:	:	:	:	:	:	:	:	:	:	:	:	:	:	:	:	:	:	:	:	:	:	:	:	:	:	:	:	:	:	:	:
Greece,Number,Total,From 1 400 to 1 999 cm³	:	:	:	:	:	:	:	:	:	:	:	:	:	:	:	:	:	:	:	:	:	:	:	:	:	:	:	:	:	:	:	:	:	:	:	:	:	:	:	:	:	:	:	:
Spain,Number,Total,From 1 400 to 1 999 cm³	:	:	:	:	:	:	:	:	:	:	:	:	:	:	:	:	:	:	:	:	:	:	:	:	:	:	:	:	:	:	:	:	:	:	:	:	:	:	:	:	:	:	:	:
France,Number,Total,From 1 400 to 1 999 cm³	:	:	:	:	:	:	:	:	:	:	:	:	:	:	:	:	:	:	:	:	:	:	:	:	:	:	:	:	:	:	:	:	:	:	:	:	:	:	:	:	:	:	:	:
Croatia,Number,Total,From 1 400 to 1 999 cm³	:	:	:	:	:	:	:	:	:	:	:	:	:	:	:	:	:	:	:	:	:	:	:	:	:	:	:	:	:	:	:	:	:	:	:	:	:	:	:	:	:	:	:	:
Italy,Number,Total,From 1 400 to 1 999 cm³	:	:	:	:	:	:	:	:	:	:	:	:	:	:	:	:	:	:	:	:	:	:	:	:	:	:	:	:	:	:	:	:	:	:	:	:	:	:	:	:	:	:	:	:
Cyprus,Number,Total,From 1 400 to 1 999 cm³	:	:	:	:	:	:	:	:	:	:	:	:	:	:	:	:	:	:	:	:	:	:	:	:	:	:	:	:	:	:	:	:	:	:	:	:	:	:	:	:	:	:	:	:
Latvia,Number,Total,From 1 400 to 1 999 cm³	:	:	:	:	:	:	:	:	:	:	:	:	:	:	:	:	:	:	:	:	:	:	:	:	:	:	:	:	:	:	:	:	:	:	:	:	:	:	:	:	:	:	:	:
Lithuania,Number,Total,From 1 400 to 1 999 cm³	:	:	:	:	:	:	:	:	:	:	:	:	:	:	:	:	:	:	:	:	:	:	:	:	:	:	:	:	:	:	:	:	:	:	:	:	:	:	:	:	:	:	:	:
Luxembourg,Number,Total,From 1 400 to 1 999 cm³	:	:	:	:	:	:	:	:	:	:	:	:	:	:	:	:	:	:	:	:	:	:	:	:	:	:	:	:	:	:	:	:	:	:	:	:	:	:	:	:	:	:	:	:
Hungary,Number,Total,From 1 400 to 1 999 cm³	:	:	:	:	:	:	:	:	:	:	:	:	:	:	:	:	:	:	:	:	:	:	:	:	:	:	:	:	:	:	:	:	:	:	:	:	:	:	:	:	:	:	:	:
Malta,Number,Total,From 1 400 to 1 999 cm³	:	:	:	:	:	:	:	:	:	:	:	:	:	:	:	:	:	:	:	:	:	:	:	:	:	:	:	:	:	:	:	:	:	:	:	:	:	:	:	:	:	:	:	:
Netherlands,Number,Total,From 1 400 to 1 999 cm³	:	:	:	:	:	:	:	:	:	:	:	:	:	:	:	:	:	:	:	:	:	:	:	:	:	:	:	:	:	:	:	:	:	:	:	:	:	:	:	:	:	:	:	:
Austria,Number,Total,From 1 400 to 1 999 cm³	:	:	:	:	:	:	:	:	:	:	:	:	:	:	:	:	:	:	:	:	:	:	:	:	:	:	:	:	:	:	:	:	:	:	:	:	:	:	:	:	:	:	:	:
Poland,Number,Total,From 1 400 to 1 999 cm³	:	:	:	:	:	:	:	:	:	:	:	:	:	:	:	:	:	:	:	:	:	:	:	:	:	:	:	:	:	:	:	:	:	:	:	:	:	:	:	:	:	:	:	:
Portugal,Number,Total,From 1 400 to 1 999 cm³	:	:	:	:	:	:	:	:	:	:	:	:	:	:	:	:	:	:	:	:	:	:	:	:	:	:	:	:	:	:	:	:	:	:	:	:	:	:	:	:	:	:	:	:
Romania,Number,Total,From 1 400 to 1 999 cm³	:	:	:	:	:	:	:	:	:	:	:	:	:	:	:	:	:	:	:	:	:	:	:	:	:	:	:	:	:	:	:	:	:	:	:	:	:	:	:	:	:	:	:	:
Slovenia,Number,Total,From 1 400 to 1 999 cm³	:	:	:	:	:	:	:	:	:	:	:	:	:	:	:	:	:	:	:	:	:	:	:	:	:	:	:	:	:	:	:	:	:	:	:	:	:	:	:	:	:	:	:	:
Slovakia,Number,Total,From 1 400 to 1 999 cm³	:	:	:	:	:	:	:	:	:	:	:	:	:	:	:	:	:	:	:	:	:	:	:	:	:	:	:	:	:	:	:	:	:	:	:	:	:	:	:	:	:	:	:	:
Finland,Number,Total,From 1 400 to 1 999 cm³	:	:	:	:	:	:	:	:	:	:	:	:	:	:	:	:	:	:	:	:	:	:	:	:	:	:	:	:	:	:	:	:	:	:	:	:	:	:	:	:	:	:	:	:
Sweden,Number,Total,From 1 400 to 1 999 cm³	:	:	:	:	:	:	:	:	:	:	:	:	:	:	:	:	:	:	:	:	:	:	:	:	:	:	:	:	:	:	:	:	:	:	:	:	:	:	:	:	:	:	:	:
Iceland,Number,Total,From 1 400 to 1 999 cm³	:	:	:	:	:	:	:	:	:	:	:	:	:	:	:	:	:	:	:	:	:	:	:	:	:	:	:	:	:	:	:	:	:	:	:	:	:	:	:	:	:	:	:	:
Liechtenstein,Number,Total,From 1 400 to 1 999 cm³	:	:	:	:	:	:	:	:	:	:	:	:	:	:	:	:	:	:	:	:	:	:	:	:	:	:	:	:	:	:	:	:	:	:	:	:	:	:	:	:	:	:	:	:
Norway,Number,Total,From 1 400 to 1 999 cm³	:	:	:	:	:	:	:	:	:	:	:	:	:	:	:	:	:	:	:	:	:	:	:	:	:	:	:	:	:	:	:	:	:	:	:	:	:	:	:	:	:	:	:	:
Switzerland,Number,Total,From 1 400 to 1 999 cm³	:	:	:	:	:	:	:	:	:	:	:	:	:	:	:	:	:	:	:	:	:	:	:	:	:	:	:	:	:	:	:	:	:	:	:	:	:	:	:	:	:	:	:	:
United Kingdom,Number,Total,From 1 400 to 1 999 cm³	:	:	:	:	:	:	:	:	:	:	:	:	:	:	:	:	:	:	:	:	:	:	:	:	:	:	:	:	:	:	:	:	:	:	:	:	:	:	:	:	:	:	:	:
Montenegro,Number,Total,From 1 400 to 1 999 cm³	:	:	:	:	:	:	:	:	:	:	:	:	:	:	:	:	:	:	:	:	:	:	:	:	:	:	:	:	:	:	:	:	:	:	:	:	:	:	:	:	:	:	:	:
North Macedonia,Number,Total,From 1 400 to 1 999 cm³	:	:	:	:	:	:	:	:	:	:	:	:	:	:	:	:	:	:	:	:	:	:	:	:	:	:	:	:	:	:	:	:	:	:	:	:	:	:	:	:	:	:	:	:
Albania,Number,Total,From 1 400 to 1 999 cm³	:	:	:	:	:	:	:	:	:	:	:	:	:	:	:	:	:	:	:	:	:	:	:	:	:	:	:	:	:	:	:	:	:	:	:	:	:	:	:	:	:	:	:	:
Turkey,Number,Total,From 1 400 to 1 999 cm³	:	:	:	:	:	:	:	:	:	:	:	:	:	:	:	:	:	:	:	:	:	:	:	:	:	:	:	:	:	:	:	:	:	:	:	:	:	:	:	:	:	:	:	:
Bosnia and Herzegovina,Number,Total,From 1 400 to 1 999 cm³	:	:	:	:	:	:	:	:	:	:	:	:	:	:	:	:	:	:	:	:	:	:	:	:	:	:	:	:	:	:	:	:	:	:	:	:	:	:	:	:	:	:	:	:
Kosovo (under United Nations Security Council Resolution 1244/99),Number,Total,From 1 400 to 1 999 cm³	:	:	:	:	:	:	:	:	:	:	:	:	:	:	:	:	:	:	:	:	:	:	:	:	:	:	:	:	:	:	:	:	:	:	:	:	:	:	:	:	:	:	:	:
Belgium,Number,Total,2 000 cm³ or over	:	:	:	:	:	:	:	:	:	:	:	:	:	:	:	:	:	:	:	:	:	:	:	:	:	:	:	:	:	:	:	:	:	:	:	:	:	:	:	:	:	:	:	:
Bulgaria,Number,Total,2 000 cm³ or over	:	:	:	:	:	:	:	:	:	:	:	:	:	:	:	:	:	:	:	:	:	:	:	:	:	:	:	:	:	:	:	:	:	:	:	:	:	:	:	:	:	:	:	:
Czechia,Number,Total,2 000 cm³ or over	:	:	:	:	:	:	:	:	:	:	:	:	:	:	:	:	:	:	:	:	:	:	:	:	:	:	:	:	:	:	:	:	:	:	:	:	:	:	:	:	:	:	:	:
Denmark,Number,Total,2 000 cm³ or over	:	:	:	:	:	:	:	:	:	:	:	:	:	:	:	:	:	:	:	:	:	:	:	:	:	:	:	:	:	:	:	:	:	:	:	:	:	:	:	:	:	:	:	:
Germany (until 1990 former territory of the FRG),Number,Total,2 000 cm³ or over	:	:	:	:	:	:	:	:	:	:	:	:	:	:	:	:	:	:	:	:	:	:	:	:	:	:	:	:	:	:	:	:	:	:	:	:	:	:	:	:	:	:	:	:
Estonia,Number,Total,2 000 cm³ or over	:	:	:	:	:	:	:	:	:	:	:	:	:	:	:	:	:	:	:	:	:	:	:	:	:	:	:	:	:	:	:	:	:	:	:	:	:	:	:	:	:	:	:	:
Ireland,Number,Total,2 000 cm³ or over	:	:	:	:	:	:	:	:	:	:	:	:	:	:	:	:	:	:	:	:	:	:	:	:	:	:	:	:	:	:	:	:	:	:	:	:	:	:	:	:	:	:	:	:
Greece,Number,Total,2 000 cm³ or over	:	:	:	:	:	:	:	:	:	:	:	:	:	:	:	:	:	:	:	:	:	:	:	:	:	:	:	:	:	:	:	:	:	:	:	:	:	:	:	:	:	:	:	:
Spain,Number,Total,2 000 cm³ or over	:	:	:	:	:	:	:	:	:	:	:	:	:	:	:	:	:	:	:	:	:	:	:	:	:	:	:	:	:	:	:	:	:	:	:	:	:	:	:	:	:	:	:	:
France,Number,Total,2 000 cm³ or over	:	:	:	:	:	:	:	:	:	:	:	:	:	:	:	:	:	:	:	:	:	:	:	:	:	:	:	:	:	:	:	:	:	:	:	:	:	:	:	:	:	:	:	:
Croatia,Number,Total,2 000 cm³ or over	:	:	:	:	:	:	:	:	:	:	:	:	:	:	:	:	:	:	:	:	:	:	:	:	:	:	:	:	:	:	:	:	:	:	:	:	:	:	:	:	:	:	:	:
Italy,Number,Total,2 000 cm³ or over	:	:	:	:	:	:	:	:	:	:	:	:	:	:	:	:	:	:	:	:	:	:	:	:	:	:	:	:	:	:	:	:	:	:	:	:	:	:	:	:	:	:	:	:
Cyprus,Number,Total,2 000 cm³ or over	:	:	:	:	:	:	:	:	:	:	:	:	:	:	:	:	:	:	:	:	:	:	:	:	:	:	:	:	:	:	:	:	:	:	:	:	:	:	:	:	:	:	:	:
Latvia,Number,Total,2 000 cm³ or over	:	:	:	:	:	:	:	:	:	:	:	:	:	:	:	:	:	:	:	:	:	:	:	:	:	:	:	:	:	:	:	:	:	:	:	:	:	:	:	:	:	:	:	:
Lithuania,Number,Total,2 000 cm³ or over	:	:	:	:	:	:	:	:	:	:	:	:	:	:	:	:	:	:	:	:	:	:	:	:	:	:	:	:	:	:	:	:	:	:	:	:	:	:	:	:	:	:	:	:
Luxembourg,Number,Total,2 000 cm³ or over	:	:	:	:	:	:	:	:	:	:	:	:	:	:	:	:	:	:	:	:	:	:	:	:	:	:	:	:	:	:	:	:	:	:	:	:	:	:	:	:	:	:	:	:
Hungary,Number,Total,2 000 cm³ or over	:	:	:	:	:	:	:	:	:	:	:	:	:	:	:	:	:	:	:	:	:	:	:	:	:	:	:	:	:	:	:	:	:	:	:	:	:	:	:	:	:	:	:	:
Malta,Number,Total,2 000 cm³ or over	:	:	:	:	:	:	:	:	:	:	:	:	:	:	:	:	:	:	:	:	:	:	:	:	:	:	:	:	:	:	:	:	:	:	:	:	:	:	:	:	:	:	:	:
Netherlands,Number,Total,2 000 cm³ or over	:	:	:	:	:	:	:	:	:	:	:	:	:	:	:	:	:	:	:	:	:	:	:	:	:	:	:	:	:	:	:	:	:	:	:	:	:	:	:	:	:	:	:	:
Austria,Number,Total,2 000 cm³ or over	:	:	:	:	:	:	:	:	:	:	:	:	:	:	:	:	:	:	:	:	:	:	:	:	:	:	:	:	:	:	:	:	:	:	:	:	:	:	:	:	:	:	:	:
Poland,Number,Total,2 000 cm³ or over	:	:	:	:	:	:	:	:	:	:	:	:	:	:	:	:	:	:	:	:	:	:	:	:	:	:	:	:	:	:	:	:	:	:	:	:	:	:	:	:	:	:	:	:
Portugal,Number,Total,2 000 cm³ or over	:	:	:	:	:	:	:	:	:	:	:	:	:	:	:	:	:	:	:	:	:	:	:	:	:	:	:	:	:	:	:	:	:	:	:	:	:	:	:	:	:	:	:	:
Romania,Number,Total,2 000 cm³ or over	:	:	:	:	:	:	:	:	:	:	:	:	:	:	:	:	:	:	:	:	:	:	:	:	:	:	:	:	:	:	:	:	:	:	:	:	:	:	:	:	:	:	:	:
Slovenia,Number,Total,2 000 cm³ or over	:	:	:	:	:	:	:	:	:	:	:	:	:	:	:	:	:	:	:	:	:	:	:	:	:	:	:	:	:	:	:	:	:	:	:	:	:	:	:	:	:	:	:	:
Slovakia,Number,Total,2 000 cm³ or over	:	:	:	:	:	:	:	:	:	:	:	:	:	:	:	:	:	:	:	:	:	:	:	:	:	:	:	:	:	:	:	:	:	:	:	:	:	:	:	:	:	:	:	:
Finland,Number,Total,2 000 cm³ or over	:	:	:	:	:	:	:	:	:	:	:	:	:	:	:	:	:	:	:	:	:	:	:	:	:	:	:	:	:	:	:	:	:	:	:	:	:	:	:	:	:	:	:	:
Sweden,Number,Total,2 000 cm³ or over	:	:	:	:	:	:	:	:	:	:	:	:	:	:	:	:	:	:	:	:	:	:	:	:	:	:	:	:	:	:	:	:	:	:	:	:	:	:	:	:	:	:	:	:
Iceland,Number,Total,2 000 cm³ or over	:	:	:	:	:	:	:	:	:	:	:	:	:	:	:	:	:	:	:	:	:	:	:	:	:	:	:	:	:	:	:	:	:	:	:	:	:	:	:	:	:	:	:	:
Liechtenstein,Number,Total,2 000 cm³ or over	:	:	:	:	:	:	:	:	:	:	:	:	:	:	:	:	:	:	:	:	:	:	:	:	:	:	:	:	:	:	:	:	:	:	:	:	:	:	:	:	:	:	:	:
Norway,Number,Total,2 000 cm³ or over	:	:	:	:	:	:	:	:	:	:	:	:	:	:	:	:	:	:	:	:	:	:	:	:	:	:	:	:	:	:	:	:	:	:	:	:	:	:	:	:	:	:	:	:
Switzerland,Number,Total,2 000 cm³ or over	:	:	:	:	:	:	:	:	:	:	:	:	:	:	:	:	:	:	:	:	:	:	:	:	:	:	:	:	:	:	:	:	:	:	:	:	:	:	:	:	:	:	:	:
United Kingdom,Number,Total,2 000 cm³ or over	:	:	:	:	:	:	:	:	:	:	:	:	:	:	:	:	:	:	:	:	:	:	:	:	:	:	:	:	:	:	:	:	:	:	:	:	:	:	:	:	:	:	:	:
Montenegro,Number,Total,2 000 cm³ or over	:	:	:	:	:	:	:	:	:	:	:	:	:	:	:	:	:	:	:	:	:	:	:	:	:	:	:	:	:	:	:	:	:	:	:	:	:	:	:	:	:	:	:	:
North Macedonia,Number,Total,2 000 cm³ or over	:	:	:	:	:	:	:	:	:	:	:	:	:	:	:	:	:	:	:	:	:	:	:	:	:	:	:	:	:	:	:	:	:	:	:	:	:	:	:	:	:	:	:	:
Albania,Number,Total,2 000 cm³ or over	:	:	:	:	:	:	:	:	:	:	:	:	:	:	:	:	:	:	:	:	:	:	:	:	:	:	:	:	:	:	:	:	:	:	:	:	:	:	:	:	:	:	:	:
Turkey,Number,Total,2 000 cm³ or over	:	:	:	:	:	:	:	:	:	:	:	:	:	:	:	:	:	:	:	:	:	:	:	:	:	:	:	:	:	:	:	:	:	:	:	:	:	:	:	:	:	:	:	:
Bosnia and Herzegovina,Number,Total,2 000 cm³ or over	:	:	:	:	:	:	:	:	:	:	:	:	:	:	:	:	:	:	:	:	:	:	:	:	:	:	:	:	:	:	:	:	:	:	:	:	:	:	:	:	:	:	:	:
Kosovo (under United Nations Security Council Resolution 1244/99),Number,Total,2 000 cm³ or over	:	:	:	:	:	:	:	:	:	:	:	:	:	:	:	:	:	:	:	:	:	:	:	:	:	:	:	:	:	:	:	:	:	:	:	:	:	:	:	:	:	:	:	:
Belgium,Number,Petroleum products,Total	:	:	:	:	:	:	:	:	:	:	:	:	:	:	:	:	:	:	:	:	:	:	:	:	:	:	:	146,346	132,208	134,230	120,979	113,707	117,193	128,566	135,266	145,844	169,665	181,524	198,299	256,076	288,484	347,284	365,729	268,148
Bulgaria,Number,Petroleum products,Total	:	:	:	:	:	:	:	:	:	:	:	:	:	:	:	:	:	:	:	:	:	:	:	:	:	:	:	:	:	:	:	:	:	:	:	:	:	:	:	:	:	:	:	:
Czechia,Number,Petroleum products,Total	:	:	:	:	:	:	:	:	:	:	:	:	:	:	:	:	:	:	:	:	:	:	:	:	:	:	:	:	:	:	:	:	:	:	:	:	:	:	:	:	:	:	:	:
Denmark,Number,Petroleum products,Total	:	:	:	:	:	:	:	:	:	:	:	:	:	:	:	:	:	:	:	:	:	:	:	:	:	:	:	:	:	89,831	117,333	82,288	:	:	:	:	122,644	127,172	137,698	140,371	142,607	141,320	155,867	120,674
Germany (until 1990 former territory of the FRG),Number,Petroleum products,Total	:	:	:	:	:	:	:	:	:	:	:	:	:	:	:	3,340,206	2,717,031	2,664,919	2,830,290	2,971,144	3,002,270	3,077,600	2,948,645	2,349,941	2,183,723	2,013,610	1,942,837	1,823,530	1,903,190	1,910,823	1,622,276	1,695,972	2,608,767	1,669,927	1,651,637	1,555,241	1,502,784	1,533,726	1,611,389	1,746,291	1,986,488	2,142,700	2,136,891	1,361,723
Estonia,Number,Petroleum products,Total	:	:	:	:	:	:	:	:	:	:	:	:	:	:	:	:	:	:	:	:	:	:	:	8,462	10,975	12,219	12,929	13,118	:	18,978	22,394	18,495	6,465	6,890	11,372	12,049	12,208	13,054	14,069	16,592	19,177	19,686	20,510	13,164
Ireland,Number,Petroleum products,Total	:	:	:	:	:	:	:	:	51,279	:	:	:	:	71,649	:	57,293	51,133	64,782	69,666	94,695	111,308	121,210	151,219	201,938	139,909	125,347	117,765	121,196	129,209	128,634	130,846	95,562	20,988	34,675	29,603	17,791	19,892	21,067	35,311	41,160	40,798	48,840	:	46,630
Greece,Number,Petroleum products,Total	:	:	:	:	:	:	:	:	:	:	:	:	:	:	:	:	152,341	115,917	130,480	138,360	163,822	181,605	266,783	300,456	287,514	275,210	267,663	:	:	:	:	:	:	:	:	:	:	:	:	:	:	:	:	:
Spain,Number,Petroleum products,Total	:	:	:	:	:	:	:	:	:	:	:	:	:	:	:	:	608,145	694,239	585,950	599,030	623,613	662,798	735,779	681,967	718,980	603,178	:	:	:	521,235	495,902	377,826	298,852	299,637	249,180	224,403	:	297,176	394,777	509,247	648,790	838,217	882,966	573,573
France,Number,Petroleum products,Total	:	:	1,831,187	1,687,163	1,619,475	1,834,867	1,824,565	1,517,193	1,501,473	1,612,025	1,720,991	1,694,629	1,595,925	1,546,938	1,250,653	1,284,983	937,925	1,032,913	1,032,418	1,294,152	990,040	1,138,628	1,185,187	1,080,849	981,301	784,799	651,356	617,449	:	568,243	532,685	459,953	642,691	572,862	581,508	486,968	562,849	623,201	777,645	928,357	1,073,148	1,277,064	1,373,999	983,569
Croatia,Number,Petroleum products,Total	:	:	:	:	:	:	:	:	:	:	:	:	:	:	:	23,307	43,909	43,289	49,330	56,660	87,318	70,245	70,136	73,179	74,834	60,230	58,102	50,126	53,554	64,763	59,600	58,348	32,423	26,503	24,150	17,425	15,245	16,690	16,311	20,490	20,875	40,964	47,453	28,079
Italy,Number,Petroleum products,Total	:	:	:	:	:	:	:	:	:	:	:	:	:	:	:	:	:	:	1,587,538	1,556,470	1,965,508	1,900,170	:	:	:	1,285,215	1,290,193	1,125,297	965,077	1,005,815	1,030,105	933,410	800,690	720,802	695,530	474,948	419,045	:	:	:	:	:	969,245	773,479
Cyprus,Number,Petroleum products,Total	:	:	:	:	:	:	:	:	:	:	:	:	:	17,874	15,823	16,712	11,973	12,113	16,040	17,618	16,668	19,692	16,476	16,430	21,469	25,866	28,618	42,778	37,383	35,768	46,812	44,719	30,948	26,607	22,700	16,698	5,784	5,086	5,917	7,134	7,650	7,857	8,011	7,130
Latvia,Number,Petroleum products,Total	:	:	:	:	:	:	:	:	:	:	:	:	:	:	:	:	:	:	47,278	46,380	60,175	48,195	39,196	28,638	27,528	28,144	33,352	38,252	46,891	59,962	62,475	31,542	8,757	11,047	14,491	13,960	14,293	5,759	7,211	9,381	9,488	10,240	11,393	8,363
Lithuania,Number,Petroleum products,Total	:	:	:	:	:	:	:	:	:	:	:	:	:	:	:	:	:	:	:	:	:	:	:	:	:	68,097	93,645	104,409	130,525	118,712	119,120	105,988	61,303	50,418	32,915	42,350	44,919	35,029	33,550	36,296	47,486	55,574	66,641	32,922
Luxembourg,Number,Petroleum products,Total	:	:	:	:	:	:	:	:	:	:	:	:	:	:	:	:	:	:	:	:	:	:	:	:	:	16,523	14,876	13,233	11,894	11,437	11,400	11,856	12,616	:	:	:	:	:	:	:	:	:	:	:
Hungary,Number,Petroleum products,Total	:	:	:	:	:	:	:	:	:	:	:	:	:	:	:	36,641	58,009	43,372	53,250	60,835	68,348	97,566	121,391	122,875	127,563	144,887	168,844	155,803	:	113,350	95,566	110,383	:	30,157	34,022	47,425	30,458	37,621	44,873	61,753	78,458	102,718	123,906	93,177
Malta,Number,Petroleum products,Total	:	:	:	:	:	:	:	:	:	:	:	:	:	:	:	:	:	:	:	:	:	7,948	9,369	6,853	4,865	4,853	:	:	8,276	8,300	7,897	7,989	12,354	9,655	9,791	7,671	7,800	9,614	4,418	4,679	5,133	5,477	5,327	3,342
Netherlands,Number,Petroleum products,Total	:	:	:	:	:	:	:	:	:	:	:	:	:	:	:	:	:	:	:	:	396,257	432,059	471,274	462,412	408,305	:	:	:	331,027	342,397	351,671	352,478	288,019	364,054	374,811	323,370	307,912	275,419	314,882	304,643	331,608	360,573	350,014	267,482
Austria,Number,Petroleum products,Total	:	:	:	:	:	:	:	:	:	:	:	:	:	:	:	:	:	:	160,406	155,805	128,480	134,556	133,951	118,133	100,833	84,905	85,586	91,022	:	116,282	120,424	131,616	170,847	159,740	159,027	143,325	136,689	128,670	125,656	136,148	171,862	192,503	189,054	133,151
Poland,Number,Petroleum products,Total	:	:	:	:	:	:	:	:	:	:	:	:	:	:	:	:	:	:	393,927	548,099	644,734	517,726	540,256	443,682	355,662	:	220,339	589,018	591,783	546,325	580,706	578,430	358,015	354,925	392,762	399,195	449,741	502,339	571,541	718,969	719,727	778,227	784,850	637,763
Portugal,Number,Petroleum products,Total	:	:	:	:	:	:	:	:	:	:	:	:	:	:	:	:	:	:	:	:	:	:	:	:	:	:	:	:	:	:	:	:	:	:	:	:	:	:	:	:	81,072	97,697	136,523	:
Romania,Number,Petroleum products,Total	:	:	:	:	:	:	:	:	:	:	:	:	:	:	:	:	:	:	:	:	:	:	:	:	:	:	:	:	:	:	:	330,641	204,290	196,844	108,347	32,118	25,807	29,576	35,509	45,417	51,554	75,471	114,564	79,244
Slovenia,Number,Petroleum products,Total	:	:	:	:	:	:	:	:	:	:	:	:	:	:	:	:	:	:	:	:	:	61,185	68,976	49,755	43,240	34,955	35,071	33,965	34,016	35,078	38,584	43,543	37,442	38,173	34,042	24,845	23,942	23,916	29,038	31,429	38,229	48,240	47,937	31,529
Slovakia,Number,Petroleum products,Total	:	:	:	:	:	:	:	:	:	:	:	:	:	:	:	:	:	:	:	:	:	:	:	:	:	:	:	:	:	:	:	:	:	:	:	:	:	:	:	:	:	:	:	:
Finland,Number,Petroleum products,Total	:	:	:	:	:	:	:	:	:	:	:	:	:	131,830	97,997	65,095	51,465	63,455	74,386	82,878	89,225	106,025	114,295	108,273	91,412	98,837	125,042	120,536	:	116,128	89,817	70,331	48,582	64,854	72,128	66,808	64,194	64,181	69,469	79,042	81,435	89,497	88,141	75,765
Sweden,Number,Petroleum products,Total	:	:	:	:	:	:	:	:	:	:	:	:	311,871	233,546	190,030	155,882	123,724	154,441	170,130	185,894	228,797	246,082	298,374	315,229	264,895	262,364	270,998	273,015	266,338	241,374	212,580	167,502	91,010	111,947	109,353	93,862	108,067	126,019	145,383	177,903	191,048	215,360	221,280	194,265
Iceland,Number,Petroleum products,Total	:	:	:	:	:	:	:	:	:	:	:	:	:	:	:	:	5,393	5,231	6,352	8,517	10,153	12,751	14,248	12,196	6,629	6,457	9,447	12,170	18,149	:	:	:	:	:	:	:	:	:	:	:	13,645	12,061	8,233	5,706
Liechtenstein,Number,Petroleum products,Total	:	:	:	:	:	:	:	:	:	:	:	:	:	:	:	:	:	:	2	2	2	2	2	:	:	:	1,220	1,210	:	1,200	1,190	1,272	1,081	1,070	1,227	1,126	1,041	979	1,072	951	1,116	1,152	1,186	922
Norway,Number,Petroleum products,Total	:	:	:	:	:	:	:	:	:	:	:	:	55,796	61,240	51,606	55,768	54,888	:	91,852	134,905	142,177	129,163	111,526	112,104	:	:	:	99,281	:	68,382	39,970	37,649	32,398	37,908	37,924	53,440	57,700	54,912	55,671	82,910	90,074	78,323	59,964	51,138
Switzerland,Number,Petroleum products,Total	:	:	:	:	:	:	:	:	:	:	:	:	329,861	314,281	302,764	278,165	248,454	254,027	257,210	259,507	257,127	278,426	293,896	285,407	272,734	240,771	211,547	197,776	185,120	185,800	185,100	189,100	182,200	200,600	211,500	200,600	191,300	187,000	193,200	188,600	195,200	203,400	214,900	160,700
United Kingdom,Number,Petroleum products,Total	:	:	:	:	:	:	:	:	:	:	:	:	:	:	:	1,465,659	1,514,099	1,474,300	1,540,500	1,658,500	1,814,865	1,918,663	1,940,731	2,001,417	2,122,575	2,042,492	1,914,153	1,748,559	:	:	:	1,183,062	1,137,889	1,060,883	924,509	:	:	:	1,334,875	1,390,355	1,446,500	1,589,618	:	:
Montenegro,Number,Petroleum products,Total	:	:	:	:	:	:	:	:	:	:	:	:	:	:	:	:	:	:	:	:	:	:	:	:	:	:	:	:	:	:	:	:	:	:	:	:	:	:	:	999	1,313	1,625	2,026	:
North Macedonia,Number,Petroleum products,Total	:	:	:	:	:	:	:	:	:	:	:	:	:	:	:	:	:	:	:	:	:	:	:	:	:	:	:	:	:	:	:	:	:	:	:	:	8,868	:	:	:	:	:	:	:
Albania,Number,Petroleum products,Total	:	:	:	:	:	:	:	:	:	:	:	:	:	:	:	:	:	:	:	:	:	:	:	:	:	:	:	:	:	:	:	:	:	:	:	:	:	:	:	:	:	:	:	10,336
Turkey,Number,Petroleum products,Total	:	:	:	:	:	:	:	:	:	:	:	:	:	:	:	:	:	:	:	:	:	:	:	:	:	:	:	343,157	264,798	205,095	172,076	175,420	199,769	213,082	224,928	213,378	256,506	210,168	270,762	271,453	259,325	179,131	152,008	319,023
Bosnia and Herzegovina,Number,Petroleum products,Total	:	:	:	:	:	:	:	:	:	:	:	:	:	:	:	:	:	:	:	:	:	:	:	:	:	:	:	:	:	:	:	:	:	:	:	:	:	:	:	11,013	15,521	15,832	11,768	5,387
Kosovo (under United Nations Security Council Resolution 1244/99),Number,Petroleum products,Total	:	:	:	:	:	:	:	:	:	:	:	:	:	:	:	:	:	:	:	:	:	:	:	:	:	:	:	:	:	:	:	:	:	:	:	:	:	:	:	:	2,928	2,126	0	:
Belgium,Number,Petroleum products,Less than 1 400 cm³	:	:	:	:	:	:	:	:	:	:	:	:	:	:	:	:	:	:	:	:	:	:	:	:	:	:	:	91,690	85,325	91,852	82,207	79,445	85,331	94,407	:	105,943	122,500	134,421	149,265	184,769	204,784	235,466	233,117	161,476
Bulgaria,Number,Petroleum products,Less than 1 400 cm³	:	:	:	:	:	:	:	:	:	:	:	:	:	:	:	:	:	:	:	:	:	:	:	:	:	:	:	:	:	:	:	:	:	:	:	:	:	:	:	:	:	:	:	:
Czechia,Number,Petroleum products,Less than 1 400 cm³	:	:	:	:	:	:	:	:	:	:	:	:	:	:	:	:	:	:	:	:	:	:	:	:	:	:	:	:	:	:	:	:	:	:	:	:	:	:	:	:	:	:	:	:
Denmark,Number,Petroleum products,Less than 1 400 cm³	:	:	:	:	:	:	:	:	:	:	:	:	:	:	:	:	:	:	:	:	:	:	:	:	:	:	:	:	:	:	:	:	:	:	:	:	:	:	:	:	:	:	:	:
Germany (until 1990 former territory of the FRG),Number,Petroleum products,Less than 1 400 cm³	:	:	:	:	:	:	:	:	:	:	:	:	:	:	:	:	:	:	:	:	:	:	:	:	:	:	:	701,613	747,067	797,480	746,392	811,631	1,674,745	992,741	1,017,965	991,291	1,001,732	1,054,385	1,088,907	1,155,187	1,265,351	1,240,304	1,129,296	733,811
Estonia,Number,Petroleum products,Less than 1 400 cm³	:	:	:	:	:	:	:	:	:	:	:	:	:	:	:	:	:	:	:	:	:	:	:	2,018	3,181	3,213	3,688	3,739	:	4,881	5,053	4,395	1,594	1,956	3,810	3,827	4,128	5,621	6,637	7,688	9,221	9,071	8,832	5,487
Ireland,Number,Petroleum products,Less than 1 400 cm³	40,749	42,333	:	67,048	:	:	:	:	:	:	:	:	:	49,657	:	:	:	:	:	:	:	:	:	:	:	:	:	:	:	:	:	57,717	17,332	31,098	26,596	15,972	18,197	19,715	32,809	37,158	36,431	42,806	43,016	28,734
Greece,Number,Petroleum products,Less than 1 400 cm³	:	:	:	:	:	:	:	:	:	:	:	:	:	:	:	:	:	:	:	:	:	:	185,604	200,738	189,299	171,676	150,681	:	:	:	:	:	:	:	:	:	:	:	:	:	:	:	:	:
Spain,Number,Petroleum products,Less than 1 400 cm³	:	:	:	:	:	:	:	:	:	:	:	:	:	:	:	:	:	:	:	:	:	:	:	:	:	:	:	:	:	254,175	240,970	197,144	181,289	205,866	159,214	154,430	:	228,987	312,917	398,904	482,346	586,445	562,756	351,230
France,Number,Petroleum products,Less than 1 400 cm³	:	:	:	:	:	:	:	:	:	:	:	:	:	:	:	:	:	:	:	:	:	708,208	690,419	657,217	568,453	444,807	376,948	371,951	:	364,320	344,843	350,903	550,902	477,911	475,831	389,394	450,119	520,808	665,464	779,228	881,284	1,040,150	1,091,298	733,866
Croatia,Number,Petroleum products,Less than 1 400 cm³	:	:	:	:	:	:	:	:	:	:	:	:	:	:	:	:	:	:	:	:	:	:	:	:	:	:	:	:	:	:	40,084	37,049	19,409	16,802	15,290	11,319	10,073	12,416	11,874	14,908	15,984	32,055	36,847	21,387
Italy,Number,Petroleum products,Less than 1 400 cm³	:	:	:	:	:	:	:	:	:	:	:	:	:	:	:	:	:	:	:	:	:	:	:	:	:	513,674	554,503	420,397	348,726	346,047	367,279	293,294	266,790	228,248	205,475	165,752	165,753	176,233	216,812	255,340	282,494	358,130	480,777	423,882
Cyprus,Number,Petroleum products,Less than 1 400 cm³	:	:	:	:	:	:	:	:	:	:	:	:	:	:	:	:	:	:	:	:	:	:	:	:	:	:	:	:	17,151	16,410	17,795	15,352	10,988	10,198	9,067	6,776	2,851	2,880	3,645	4,378	4,255	3,894	4,007	3,229
Latvia,Number,Petroleum products,Less than 1 400 cm³	:	:	:	:	:	:	:	:	:	:	:	:	:	:	:	:	:	:	:	:	:	:	:	:	:	:	:	:	:	:	:	:	:	:	:	:	:	2,787	3,714	5,144	4,737	4,629	4,108	2,714
Lithuania,Number,Petroleum products,Less than 1 400 cm³	:	:	:	:	:	:	:	:	:	:	:	:	:	:	:	:	:	:	:	:	:	:	:	:	:	:	11,800	12,696	13,286	13,816	16,254	16,035	10,466	9,493	6,223	7,345	7,617	8,665	9,761	11,758	15,882	19,986	31,091	:
Luxembourg,Number,Petroleum products,Less than 1 400 cm³	:	:	:	:	:	:	:	:	:	:	:	:	:	:	:	:	:	:	:	:	:	:	:	:	:	5,649	5,652	4,615	4,069	4,340	4,177	5,140	6,729	:	:	:	:	:	:	:	:	:	:	:
Hungary,Number,Petroleum products,Less than 1 400 cm³	:	:	:	:	:	:	:	:	:	:	:	:	:	:	:	:	:	:	:	:	:	:	86,154	84,680	92,881	109,379	129,459	119,659	:	82,777	66,251	73,306	:	:	:	:	18,526	22,476	25,484	33,784	41,884	54,749	75,983	56,530
Malta,Number,Petroleum products,Less than 1 400 cm³	:	:	:	:	:	:	:	:	:	:	:	:	:	:	:	:	:	:	:	:	:	:	7,655	413	861	3,841	:	:	7,102	6,861	6,471	6,463	8,694	7,246	7,674	6,499	6,682	8,525	3,811	3,899	4,160	4,268	4,055	2,496
Netherlands,Number,Petroleum products,Less than 1 400 cm³	:	:	:	:	:	:	:	:	:	:	:	:	:	:	:	:	:	:	:	:	:	:	:	:	:	:	:	:	:	:	:	:	:	:	:	:	:	:	:	:	:	:	:	:
Austria,Number,Petroleum products,Less than 1 400 cm³	:	:	:	:	:	:	:	:	:	:	:	:	:	:	:	:	:	:	:	:	:	:	65,950	65,517	59,831	50,607	52,760	57,475	:	77,393	78,408	90,461	123,289	117,892	122,683	112,335	107,546	102,932	100,148	105,762	130,826	139,223	129,350	89,253
Poland,Number,Petroleum products,Less than 1 400 cm³	:	:	:	:	:	:	:	:	:	:	:	:	:	:	:	:	:	:	:	:	:	:	:	:	:	:	158,431	277,674	254,789	231,080	249,719	243,012	161,595	171,514	184,589	184,362	210,798	232,894	262,754	324,144	339,325	352,726	352,418	288,646
Portugal,Number,Petroleum products,Less than 1 400 cm³	:	:	:	:	:	:	:	:	:	:	:	:	:	:	:	:	:	:	:	:	:	:	:	:	:	:	:	:	:	:	:	:	:	:	:	:	:	:	:	:	71,570	81,491	101,861	:
Romania,Number,Petroleum products,Less than 1 400 cm³	:	:	:	:	:	:	:	:	:	:	:	:	:	:	:	:	:	:	:	:	:	:	:	:	:	:	:	:	:	:	:	:	:	104,844	64,003	19,981	19,589	23,653	27,967	33,237	37,443	55,856	86,576	55,538
Slovenia,Number,Petroleum products,Less than 1 400 cm³	:	:	:	:	:	:	:	:	:	:	:	:	:	:	:	:	:	:	:	:	33,836	33,298	41,562	30,527	27,645	23,601	24,551	:	23,049	23,508	24,852	27,140	24,017	25,642	23,068	17,827	18,322	19,888	24,807	26,842	31,419	38,334	36,943	24,161
Slovakia,Number,Petroleum products,Less than 1 400 cm³	:	:	:	:	:	:	:	:	:	:	:	:	:	:	:	:	:	:	:	:	:	:	:	:	:	:	:	:	:	:	:	:	:	:	:	:	:	:	:	:	:	:	:	:
Finland,Number,Petroleum products,Less than 1 400 cm³	:	:	:	:	:	:	:	:	:	:	:	:	:	:	:	:	:	:	:	19,091	20,244	25,306	28,460	28,319	21,409	23,662	28,943	24,457	:	23,941	20,079	22,357	19,413	28,981	35,061	33,915	33,551	37,603	44,369	51,989	50,736	48,498	43,853	34,077
Sweden,Number,Petroleum products,Less than 1 400 cm³	:	:	:	:	:	:	:	:	:	:	:	:	:	:	:	:	:	:	:	:	:	:	:	:	:	:	:	:	36,275	41,903	41,973	34,673	42,275	58,172	57,318	53,541	60,294	73,278	88,028	106,834	104,311	98,563	89,257	68,773
Iceland,Number,Petroleum products,Less than 1 400 cm³	:	:	:	:	:	:	:	:	:	:	:	:	:	:	:	:	:	:	:	:	:	:	3,657	3,228	1,524	1,334	2,008	2,341	3,096	:	:	:	:	:	:	:	:	:	:	:	:	:	:	:
Liechtenstein,Number,Petroleum products,Less than 1 400 cm³	:	:	:	:	:	:	:	:	:	:	:	:	:	:	:	:	:	:	:	:	:	:	:	:	:	:	280	220	:	250	250	338	335	369	503	496	489	451	481	405	468	358	318	224
Norway,Number,Petroleum products,Less than 1 400 cm³	:	:	:	:	:	:	:	:	:	:	:	:	:	:	:	:	:	:	:	:	:	:	:	:	:	:	:	:	:	:	:	:	:	:	:	:	:	:	:	33,050	30,494	23,752	14,376	9,090
Switzerland,Number,Petroleum products,Less than 1 400 cm³	:	:	:	:	:	:	:	:	:	:	:	:	:	:	:	:	:	:	:	:	:	:	:	:	:	:	:	47,420	46,836	50,300	54,700	67,200	74,200	90,000	102,500	98,600	97,300	95,100	99,300	97,900	98,800	90,300	81,800	58,300
United Kingdom,Number,Petroleum products,Less than 1 400 cm³	:	:	:	:	:	:	:	:	:	:	:	:	:	:	:	:	:	:	:	749,962	769,037	771,204	:	815,132	877,799	859,205	842,531	767,452	:	635,890	:	584,427	689,411	644,559	573,888	:	:	:	943,139	952,844	925,086	912,759	:	:
Montenegro,Number,Petroleum products,Less than 1 400 cm³	:	:	:	:	:	:	:	:	:	:	:	:	:	:	:	:	:	:	:	:	:	:	:	:	:	:	:	:	:	:	:	:	:	:	:	:	:	:	:	761	911	1,176	1,486	:
North Macedonia,Number,Petroleum products,Less than 1 400 cm³	:	:	:	:	:	:	:	:	:	:	:	:	:	:	:	:	:	:	:	:	:	:	:	:	:	:	:	:	:	:	:	:	:	:	:	:	4,485	:	:	:	:	:	:	:
Albania,Number,Petroleum products,Less than 1 400 cm³	:	:	:	:	:	:	:	:	:	:	:	:	:	:	:	:	:	:	:	:	:	:	:	:	:	:	:	:	:	:	:	:	:	:	:	:	:	:	:	:	:	:	:	:
Turkey,Number,Petroleum products,Less than 1 400 cm³	:	:	:	:	:	:	:	:	:	:	:	:	:	:	:	:	:	:	:	:	:	:	:	:	:	:	:	:	:	:	:	:	:	:	115,992	115,568	147,209	121,981	169,107	173,641	154,616	45,241	35,408	195,212
Bosnia and Herzegovina,Number,Petroleum products,Less than 1 400 cm³	:	:	:	:	:	:	:	:	:	:	:	:	:	:	:	:	:	:	:	:	:	:	:	:	:	:	:	:	:	:	:	:	:	:	:	:	:	:	:	:	9,368	9,363	7,055	3,506
Kosovo (under United Nations Security Council Resolution 1244/99),Number,Petroleum products,Less than 1 400 cm³	:	:	:	:	:	:	:	:	:	:	:	:	:	:	:	:	:	:	:	:	:	:	:	:	:	:	:	:	:	:	:	:	:	:	:	:	:	:	:	:	1,150	1,163	0	:
Belgium,Number,Petroleum products,From 1 400 to 1 999 cm³	:	:	:	:	:	:	:	:	:	:	:	:	:	:	:	:	:	:	:	:	:	:	:	:	:	:	:	46,232	39,630	35,002	31,761	28,792	27,429	29,539	:	37,490	44,145	43,260	43,675	62,467	74,288	102,242	122,145	94,222
Bulgaria,Number,Petroleum products,From 1 400 to 1 999 cm³	:	:	:	:	:	:	:	:	:	:	:	:	:	:	:	:	:	:	:	:	:	:	:	:	:	:	:	:	:	:	:	:	:	:	:	:	:	:	:	:	:	:	:	:
Czechia,Number,Petroleum products,From 1 400 to 1 999 cm³	:	:	:	:	:	:	:	:	:	:	:	:	:	:	:	:	:	:	:	:	:	:	:	:	:	:	:	:	:	:	:	:	:	:	:	:	:	:	:	:	:	:	:	:
Denmark,Number,Petroleum products,From 1 400 to 1 999 cm³	:	:	:	:	:	:	:	:	:	:	:	:	:	:	:	:	:	:	:	:	:	:	:	:	:	:	:	:	:	:	:	:	:	:	:	:	:	:	:	:	:	:	:	:
Germany (until 1990 former territory of the FRG),Number,Petroleum products,From 1 400 to 1 999 cm³	:	:	:	:	:	:	:	:	:	:	:	:	:	:	:	:	:	:	:	:	:	:	:	:	:	:	:	888,812	937,362	912,717	718,587	740,276	824,389	577,684	548,403	496,124	440,550	417,978	451,323	503,437	606,110	778,278	895,460	548,883
Estonia,Number,Petroleum products,From 1 400 to 1 999 cm³	:	:	:	:	:	:	:	:	:	:	:	:	:	:	:	:	:	:	:	:	:	:	:	5,586	6,676	7,539	7,622	7,708	:	11,889	14,855	12,167	3,928	4,271	6,610	7,403	7,403	6,699	6,672	7,766	8,686	9,227	9,752	6,311
Ireland,Number,Petroleum products,From 1 400 to 1 999 cm³	9,843	8,754	:	19,583	:	:	:	:	:	:	:	:	:	32,173	:	:	:	:	:	:	:	:	:	:	:	:	:	:	:	:	:	36,320	6,555	3,455	2,950	1,784	1,671	1,311	2,397	3,182	3,910	5,858	7,173	14,867
Greece,Number,Petroleum products,From 1 400 to 1 999 cm³	:	:	:	:	:	:	:	:	:	:	:	:	:	:	:	:	:	:	:	:	:	:	78,605	96,610	95,333	99,711	111,369	:	:	:	:	:	:	:	:	:	:	:	:	:	:	:	:	:
Spain,Number,Petroleum products,From 1 400 to 1 999 cm³	:	:	:	:	:	:	:	:	:	:	:	:	:	:	:	:	:	:	:	:	:	:	:	:	:	:	:	:	:	225,515	216,365	157,401	103,397	81,754	81,587	63,583	:	60,522	71,640	93,024	144,443	227,454	291,598	196,488
France,Number,Petroleum products,From 1 400 to 1 999 cm³	:	:	:	:	:	:	:	:	:	:	:	:	:	:	:	:	:	:	:	:	:	394,719	458,199	389,484	368,617	304,563	245,232	219,211	:	179,901	165,447	96,194	79,934	84,110	96,052	88,724	105,160	94,360	101,242	127,754	169,150	211,405	251,868	222,030
Croatia,Number,Petroleum products,From 1 400 to 1 999 cm³	:	:	:	:	:	:	:	:	:	:	:	:	:	:	:	:	:	:	:	:	:	:	:	:	:	:	:	:	:	:	17,681	19,090	11,305	8,916	8,066	5,506	4,517	3,653	3,896	4,997	4,485	8,279	9,952	6,035
Italy,Number,Petroleum products,From 1 400 to 1 999 cm³	:	:	:	:	:	:	:	:	:	:	:	:	:	:	:	:	:	:	:	:	:	:	:	:	:	737,427	698,681	668,257	582,586	622,433	635,504	619,380	518,819	479,257	481,017	304,723	249,393	239,739	297,877	374,365	401,351	396,996	465,471	330,341
Cyprus,Number,Petroleum products,From 1 400 to 1 999 cm³	:	:	:	:	:	:	:	:	:	:	:	:	:	:	:	:	:	:	:	:	:	:	:	:	:	:	:	:	18,964	18,333	26,282	26,493	18,418	15,515	13,113	8,380	2,863	2,073	2,088	2,465	3,085	3,611	3,507	3,258
Latvia,Number,Petroleum products,From 1 400 to 1 999 cm³	:	:	:	:	:	:	:	:	:	:	:	:	:	:	:	:	:	:	:	:	:	:	:	:	:	:	:	:	:	:	:	:	:	:	:	:	:	2,469	3,021	3,572	3,978	4,678	6,039	4,647
Lithuania,Number,Petroleum products,From 1 400 to 1 999 cm³	:	:	:	:	:	:	:	:	:	:	:	:	:	:	:	:	:	:	:	:	:	:	:	:	:	:	65,111	69,421	87,085	80,547	79,433	65,651	38,465	30,484	18,620	24,700	24,804	17,208	14,729	16,297	21,065	23,900	23,766	:
Luxembourg,Number,Petroleum products,From 1 400 to 1 999 cm³	:	:	:	:	:	:	:	:	:	:	:	:	:	:	:	:	:	:	:	:	:	:	:	:	:	7,754	6,414	6,097	5,334	4,583	4,875	4,649	4,089	:	:	:	:	:	:	:	:	:	:	:
Hungary,Number,Petroleum products,From 1 400 to 1 999 cm³	:	:	:	:	:	:	:	:	:	:	:	:	:	:	:	:	:	:	:	:	:	:	33,855	36,810	32,689	33,664	37,351	34,288	:	29,340	28,306	35,146	:	:	:	:	11,417	14,469	18,613	26,323	33,700	44,363	43,080	31,666
Malta,Number,Petroleum products,From 1 400 to 1 999 cm³	:	:	:	:	:	:	:	:	:	:	:	:	:	:	:	:	:	:	:	:	:	:	1,606	2,741	3,875	906	:	:	1,085	1,312	1,340	1,381	3,334	2,119	1,851	993	947	838	584	739	938	1,174	1,238	775
Netherlands,Number,Petroleum products,From 1 400 to 1 999 cm³	:	:	:	:	:	:	:	:	:	:	:	:	:	:	:	:	:	:	:	:	:	:	:	:	:	:	:	:	:	:	:	:	:	:	:	:	:	:	:	:	:	:	:	:
Austria,Number,Petroleum products,From 1 400 to 1 999 cm³	:	:	:	:	:	:	:	:	:	:	:	:	:	:	:	:	:	:	:	:	:	:	55,725	42,332	31,200	26,567	24,810	25,575	:	30,678	34,895	34,885	43,264	38,111	33,260	28,373	26,627	23,180	22,704	26,012	35,331	46,727	52,932	37,096
Poland,Number,Petroleum products,From 1 400 to 1 999 cm³	:	:	:	:	:	:	:	:	:	:	:	:	:	:	:	:	:	:	:	:	:	:	:	:	:	:	56,958	284,208	301,636	280,835	290,728	281,890	172,051	164,320	187,993	195,060	214,882	238,567	270,926	342,517	333,625	372,126	378,122	301,300
Portugal,Number,Petroleum products,From 1 400 to 1 999 cm³	:	:	:	:	:	:	:	:	:	:	:	:	:	:	:	:	:	:	:	:	:	:	:	:	:	:	:	:	:	:	:	:	:	:	:	:	:	:	:	:	8,108	14,043	18,370	:
Romania,Number,Petroleum products,From 1 400 to 1 999 cm³	:	:	:	:	:	:	:	:	:	:	:	:	:	:	:	:	:	:	:	:	:	:	:	:	:	:	:	:	:	:	:	:	:	89,727	43,212	11,827	5,927	5,607	7,109	11,252	13,020	17,916	25,124	20,442
Slovenia,Number,Petroleum products,From 1 400 to 1 999 cm³	:	:	:	:	:	:	:	:	:	:	:	:	:	:	:	:	:	:	:	:	24,406	26,741	25,841	18,246	14,449	10,676	9,956	:	10,355	10,957	12,962	15,557	12,751	12,197	10,749	6,906	5,508	3,929	4,123	4,376	6,535	9,623	10,744	7,222
Slovakia,Number,Petroleum products,From 1 400 to 1 999 cm³	:	:	:	:	:	:	:	:	:	:	:	:	:	:	:	:	:	:	:	:	:	:	:	:	:	:	:	:	:	:	:	:	:	:	:	:	:	:	:	:	:	:	:	:
Finland,Number,Petroleum products,From 1 400 to 1 999 cm³	:	:	:	:	:	:	:	:	:	:	:	:	:	:	:	:	:	:	:	58,399	61,993	73,402	78,176	69,298	58,196	64,784	83,944	81,107	:	78,151	59,322	43,845	27,408	34,511	36,198	32,238	30,057	26,065	24,335	25,596	28,643	38,420	40,648	37,174
Sweden,Number,Petroleum products,From 1 400 to 1 999 cm³	:	:	:	:	:	:	:	:	:	:	:	:	:	:	:	:	:	:	:	:	:	:	:	:	:	:	:	:	149,629	141,590	122,874	107,871	39,698	44,164	42,646	32,519	39,984	45,273	48,770	59,206	73,570	99,486	109,436	107,198
Iceland,Number,Petroleum products,From 1 400 to 1 999 cm³	:	:	:	:	:	:	:	:	:	:	:	:	:	:	:	:	:	:	:	:	:	:	8,836	7,451	4,211	4,269	5,704	6,588	9,262	:	:	:	:	:	:	:	:	:	:	:	:	:	:	:
Liechtenstein,Number,Petroleum products,From 1 400 to 1 999 cm³	:	:	:	:	:	:	:	:	:	:	:	:	:	:	:	:	:	:	:	:	:	:	:	:	:	:	550	520	:	530	530	582	485	441	489	424	391	357	399	371	367	543	623	438
Norway,Number,Petroleum products,From 1 400 to 1 999 cm³	:	:	:	:	:	:	:	:	:	:	:	:	:	:	:	:	:	:	:	:	:	:	:	:	:	:	:	:	:	:	:	:	:	:	:	:	:	:	:	40,875	49,006	43,406	30,325	26,044
Switzerland,Number,Petroleum products,From 1 400 to 1 999 cm³	:	:	:	:	:	:	:	:	:	:	:	:	:	:	:	:	:	:	:	:	:	:	:	:	:	:	:	99,687	92,457	90,100	91,300	88,800	83,200	87,400	87,400	81,900	75,800	73,300	68,600	69,500	73,400	87,100	108,000	81,300
United Kingdom,Number,Petroleum products,From 1 400 to 1 999 cm³	:	:	:	:	:	:	:	:	:	:	:	:	:	:	:	:	:	:	:	768,288	868,072	959,850	:	996,043	1,018,778	974,041	876,122	795,715	:	657,370	:	520,533	392,333	366,973	314,758	:	:	:	334,198	362,612	434,992	583,576	:	:
Montenegro,Number,Petroleum products,From 1 400 to 1 999 cm³	:	:	:	:	:	:	:	:	:	:	:	:	:	:	:	:	:	:	:	:	:	:	:	:	:	:	:	:	:	:	:	:	:	:	:	:	:	:	:	208	354	408	459	:
North Macedonia,Number,Petroleum products,From 1 400 to 1 999 cm³	:	:	:	:	:	:	:	:	:	:	:	:	:	:	:	:	:	:	:	:	:	:	:	:	:	:	:	:	:	:	:	:	:	:	:	:	3,563	:	:	:	:	:	:	:
Albania,Number,Petroleum products,From 1 400 to 1 999 cm³	:	:	:	:	:	:	:	:	:	:	:	:	:	:	:	:	:	:	:	:	:	:	:	:	:	:	:	:	:	:	:	:	:	:	:	:	:	:	:	:	:	:	:	:
Turkey,Number,Petroleum products,From 1 400 to 1 999 cm³	:	:	:	:	:	:	:	:	:	:	:	:	:	:	:	:	:	:	:	:	:	:	:	:	:	:	:	:	:	:	:	:	:	:	101,760	94,523	107,954	87,070	100,300	96,685	103,401	132,711	115,114	121,963
Bosnia and Herzegovina,Number,Petroleum products,From 1 400 to 1 999 cm³	:	:	:	:	:	:	:	:	:	:	:	:	:	:	:	:	:	:	:	:	:	:	:	:	:	:	:	:	:	:	:	:	:	:	:	:	:	:	:	:	5,353	5,663	4,158	1,543
Kosovo (under United Nations Security Council Resolution 1244/99),Number,Petroleum products,From 1 400 to 1 999 cm³	:	:	:	:	:	:	:	:	:	:	:	:	:	:	:	:	:	:	:	:	:	:	:	:	:	:	:	:	:	:	:	:	:	:	:	:	:	:	:	:	1,438	756	0	:
Belgium,Number,Petroleum products,2 000 cm³ or over	:	:	:	:	:	:	:	:	:	:	:	:	:	:	:	:	:	:	:	:	:	:	:	:	:	:	:	8,399	7,253	7,376	7,011	5,470	4,433	4,620	:	2,411	2,996	3,843	5,359	8,840	9,412	9,576	10,467	12,450
Bulgaria,Number,Petroleum products,2 000 cm³ or over	:	:	:	:	:	:	:	:	:	:	:	:	:	:	:	:	:	:	:	:	:	:	:	:	:	:	:	:	:	:	:	:	:	:	:	:	:	:	:	:	:	:	:	:
Czechia,Number,Petroleum products,2 000 cm³ or over	:	:	:	:	:	:	:	:	:	:	:	:	:	:	:	:	:	:	:	:	:	:	:	:	:	:	:	:	:	:	:	:	:	:	:	:	:	:	:	:	:	:	:	:
Denmark,Number,Petroleum products,2 000 cm³ or over	:	:	:	:	:	:	:	:	:	:	:	:	:	:	:	:	:	:	:	:	:	:	:	:	:	:	:	:	:	:	:	:	:	:	:	:	:	:	:	:	:	:	:	:
Germany (until 1990 former territory of the FRG),Number,Petroleum products,2 000 cm³ or over	:	:	:	:	:	:	:	:	:	:	:	:	:	:	:	:	:	:	:	:	:	:	:	:	:	:	:	233,105	218,761	200,626	157,297	144,065	109,554	99,498	85,264	67,823	60,501	61,363	71,153	87,679	115,025	124,109	111,054	78,634
Estonia,Number,Petroleum products,2 000 cm³ or over	:	:	:	:	:	:	:	:	:	:	:	:	:	:	:	:	:	:	:	:	:	:	:	858	1,118	1,467	1,619	1,671	:	2,208	2,486	1,933	943	663	952	819	677	734	760	1,138	1,270	1,388	1,926	1,366
Ireland,Number,Petroleum products,2 000 cm³ or over	2,355	1,979	:	5,097	:	:	:	:	:	:	:	:	:	1,590	:	:	:	:	:	:	:	:	:	:	:	:	:	:	:	:	:	1,525	150	122	57	35	24	41	105	190	154	176	129	3,029
Greece,Number,Petroleum products,2 000 cm³ or over	:	:	:	:	:	:	:	:	:	:	:	:	:	:	:	:	:	:	:	:	:	:	2,574	3,108	2,882	3,823	5,613	:	:	:	:	:	:	:	:	:	:	:	:	:	:	:	:	:
Spain,Number,Petroleum products,2 000 cm³ or over	:	:	:	:	:	:	:	:	:	:	:	:	:	:	:	:	:	:	:	:	:	:	:	:	:	:	:	:	:	41,545	38,567	23,281	14,166	12,017	8,379	6,390	:	7,667	10,220	17,319	22,001	24,318	28,612	25,855
France,Number,Petroleum products,2 000 cm³ or over	:	:	:	:	:	:	:	:	:	:	:	:	:	:	:	:	:	:	:	:	:	35,701	36,569	34,148	44,231	35,429	29,176	26,287	:	24,022	22,575	12,856	11,855	10,738	9,576	8,815	7,570	8,033	10,939	21,375	22,714	25,509	30,833	27,673
Croatia,Number,Petroleum products,2 000 cm³ or over	:	:	:	:	:	:	:	:	:	:	:	:	:	:	:	:	:	:	:	:	:	:	:	:	:	:	:	:	:	:	1,835	2,209	1,709	785	794	600	655	621	541	585	406	630	654	657
Italy,Number,Petroleum products,2 000 cm³ or over	:	:	:	:	:	:	:	:	:	:	:	:	:	:	:	:	:	:	:	:	:	:	:	:	:	34,114	37,009	36,643	33,765	37,335	27,322	20,736	15,081	13,297	9,038	4,473	3,899	4,736	6,761	13,460	16,227	19,559	22,997	19,252
Cyprus,Number,Petroleum products,2 000 cm³ or over	:	:	:	:	:	:	:	:	:	:	:	:	:	:	:	:	:	:	:	:	:	:	:	:	:	:	:	:	1,268	1,025	2,735	2,874	1,542	894	520	1,542	70	133	184	291	310	352	497	643
Latvia,Number,Petroleum products,2 000 cm³ or over	:	:	:	:	:	:	:	:	:	:	:	:	:	:	:	:	:	:	:	:	:	:	:	:	:	:	:	:	:	:	:	:	:	:	:	:	:	503	467	665	773	933	1,246	1,002
Lithuania,Number,Petroleum products,2 000 cm³ or over	:	:	:	:	:	:	:	:	:	:	:	:	:	:	:	:	:	:	:	:	:	:	:	:	:	:	16,734	22,292	30,157	24,349	23,493	24,302	12,372	10,441	8,072	10,305	12,498	9,156	8,267	8,241	10,539	11,688	11,784	:
Luxembourg,Number,Petroleum products,2 000 cm³ or over	:	:	:	:	:	:	:	:	:	:	:	:	:	:	:	:	:	:	:	:	:	:	:	:	:	3,120	2,810	2,521	2,491	2,514	2,348	2,067	1,798	:	:	:	:	:	:	:	:	:	:	:
Hungary,Number,Petroleum products,2 000 cm³ or over	:	:	:	:	:	:	:	:	:	:	:	:	:	:	:	:	:	:	:	:	:	:	1,382	1,385	1,993	1,844	2,034	1,856	:	1,233	1,009	1,931	:	:	:	:	515	676	776	1,646	2,874	3,606	4,843	4,981
Malta,Number,Petroleum products,2 000 cm³ or over	:	:	:	:	:	:	:	:	:	:	:	:	:	:	:	:	:	:	:	:	:	:	108	99	129	106	:	:	89	136	86	145	326	290	266	179	171	251	23	41	35	35	34	71
Netherlands,Number,Petroleum products,2 000 cm³ or over	:	:	:	:	:	:	:	:	:	:	:	:	:	:	:	:	:	:	:	:	:	:	:	:	:	:	:	:	:	:	:	:	:	:	:	:	:	:	:	:	:	:	:	:
Austria,Number,Petroleum products,2 000 cm³ or over	:	:	:	:	:	:	:	:	:	:	:	:	:	:	:	:	:	:	:	:	:	:	12,276	10,284	9,802	7,731	8,016	7,972	:	8,211	7,121	6,270	4,294	3,737	3,084	2,617	2,516	2,558	2,804	4,374	5,705	6,553	6,772	6,802
Poland,Number,Petroleum products,2 000 cm³ or over	:	:	:	:	:	:	:	:	:	:	:	:	:	:	:	:	:	:	:	:	:	:	:	:	:	:	4,879	:	35,358	34,410	40,259	53,528	24,369	19,091	20,180	19,773	24,061	30,878	37,861	52,308	46,777	53,375	54,310	47,817
Portugal,Number,Petroleum products,2 000 cm³ or over	:	:	:	:	:	:	:	:	:	:	:	:	:	:	:	:	:	:	:	:	:	:	:	:	:	:	:	:	:	:	:	:	:	:	:	:	:	:	:	:	1,394	2,163	2,833	:
Romania,Number,Petroleum products,2 000 cm³ or over	:	:	:	:	:	:	:	:	:	:	:	:	:	:	:	:	:	:	:	:	:	:	:	:	:	:	:	:	:	:	:	:	:	2,273	1,132	310	291	317	433	928	1,090	1,699	2,864	3,264
Slovenia,Number,Petroleum products,2 000 cm³ or over	:	:	:	:	:	:	:	:	:	:	:	:	:	:	:	:	:	:	:	:	1,179	1,146	1,573	982	1,146	678	564	:	612	613	770	846	674	334	225	112	112	99	108	211	275	283	250	146
Slovakia,Number,Petroleum products,2 000 cm³ or over	:	:	:	:	:	:	:	:	:	:	:	:	:	:	:	:	:	:	:	:	:	:	:	:	:	:	:	:	:	:	:	:	:	:	:	:	:	:	:	:	:	:	:	:
Finland,Number,Petroleum products,2 000 cm³ or over	:	:	:	:	:	:	:	:	:	:	:	:	:	:	:	:	:	:	:	5,388	6,988	7,317	7,657	10,656	11,807	10,391	12,115	14,914	:	14,028	10,398	4,127	1,770	1,362	902	655	586	514	765	1,457	2,056	2,579	3,640	4,514
Sweden,Number,Petroleum products,2 000 cm³ or over	:	:	:	:	:	:	:	:	:	:	:	:	:	:	:	:	:	:	:	:	:	:	:	:	:	:	:	:	80,434	57,881	47,733	24,958	9,037	9,611	9,389	7,802	7,789	7,468	8,585	11,863	13,167	17,311	22,587	18,294
Iceland,Number,Petroleum products,2 000 cm³ or over	:	:	:	:	:	:	:	:	:	:	:	:	:	:	:	:	:	:	:	:	:	:	1,755	1,517	894	854	1,735	3,241	5,791	:	:	:	:	:	:	:	:	:	:	:	:	:	:	:
Liechtenstein,Number,Petroleum products,2 000 cm³ or over	:	:	:	:	:	:	:	:	:	:	:	:	:	:	:	:	:	:	:	:	:	:	:	:	:	:	390	460	:	420	410	352	261	260	235	206	161	171	192	169	281	251	245	260
Norway,Number,Petroleum products,2 000 cm³ or over	:	:	:	:	:	:	:	:	:	:	:	:	:	:	:	:	:	:	:	:	:	:	:	:	:	:	:	:	:	:	:	:	:	:	:	:	:	:	:	8,985	10,574	11,165	15,263	16,004
Switzerland,Number,Petroleum products,2 000 cm³ or over	:	:	:	:	:	:	:	:	:	:	:	:	:	:	:	:	:	:	:	:	:	:	:	:	:	:	:	50,669	45,827	45,500	39,100	33,100	24,700	23,200	21,700	20,000	18,100	18,600	17,600	21,200	23,000	26,000	25,100	21,100
United Kingdom,Number,Petroleum products,2 000 cm³ or over	:	:	:	:	:	:	:	:	:	:	:	:	:	:	:	:	:	:	:	140,286	177,756	187,609	:	190,242	225,998	209,246	195,493	185,392	:	144,820	:	78,098	56,145	49,351	35,859	:	:	:	57,496	74,894	86,624	92,076	:	:
Montenegro,Number,Petroleum products,2 000 cm³ or over	:	:	:	:	:	:	:	:	:	:	:	:	:	:	:	:	:	:	:	:	:	:	:	:	:	:	:	:	:	:	:	:	:	:	:	:	:	:	:	30	48	41	81	:
North Macedonia,Number,Petroleum products,2 000 cm³ or over	:	:	:	:	:	:	:	:	:	:	:	:	:	:	:	:	:	:	:	:	:	:	:	:	:	:	:	:	:	:	:	:	:	:	:	:	820	:	:	:	:	:	:	:
Albania,Number,Petroleum products,2 000 cm³ or over	:	:	:	:	:	:	:	:	:	:	:	:	:	:	:	:	:	:	:	:	:	:	:	:	:	:	:	:	:	:	:	:	:	:	:	:	:	:	:	:	:	:	:	:
Turkey,Number,Petroleum products,2 000 cm³ or over	:	:	:	:	:	:	:	:	:	:	:	:	:	:	:	:	:	:	:	:	:	:	:	:	:	:	:	:	:	:	:	:	:	:	972	1,519	1,343	1,117	1,355	1,127	1,308	1,179	1,489	1,848
Bosnia and Herzegovina,Number,Petroleum products,2 000 cm³ or over	:	:	:	:	:	:	:	:	:	:	:	:	:	:	:	:	:	:	:	:	:	:	:	:	:	:	:	:	:	:	:	:	:	:	:	:	:	:	:	:	800	805	758	338
Kosovo (under United Nations Security Council Resolution 1244/99),Number,Petroleum products,2 000 cm³ or over	:	:	:	:	:	:	:	:	:	:	:	:	:	:	:	:	:	:	:	:	:	:	:	:	:	:	:	:	:	:	:	:	:	:	:	:	:	:	:	:	340	207	0	:
Belgium,Number,Diesel,Total	:	:	:	:	:	:	:	:	:	:	:	:	:	:	:	159,880	150,874	176,045	175,967	188,645	:	243,185	273,898	298,854	313,647	304,496	316,420	342,760	352,380	396,234	408,255	426,992	361,638	419,406	435,527	339,217	319,863	303,953	305,838	285,653	259,790	202,272	179,716	151,970
Bulgaria,Number,Diesel,Total	:	:	:	:	:	:	:	:	:	:	:	:	:	:	:	:	:	:	:	:	:	:	:	:	:	:	:	:	:	:	:	:	:	:	:	:	:	:	:	:	:	:	:	:
Czechia,Number,Diesel,Total	:	:	:	:	:	:	:	:	:	:	:	:	:	:	:	:	:	:	:	:	:	:	:	:	:	:	:	:	:	:	:	:	:	:	:	:	:	:	:	:	:	:	:	:
Denmark,Number,Diesel,Total	:	:	:	:	:	:	:	:	:	:	:	:	:	:	:	:	:	:	:	:	:	:	:	:	:	:	:	:	:	41,750	134,831	102,017	:	:	:	:	57,435	59,544	64,203	80,216	77,495	72,475	60,369	45,807
Germany (until 1990 former territory of the FRG),Number,Diesel,Total	:	:	:	:	:	:	:	:	:	:	:	:	:	:	:	588,592	476,534	543,764	483,517	524,599	525,294	657,480	852,849	1,026,002	1,155,324	1,236,213	1,292,727	1,437,346	1,425,576	1,535,881	1,501,566	1,361,457	1,168,633	1,221,938	1,495,966	1,486,119	1,403,113	1,452,565	1,538,451	1,539,596	1,336,776	1,111,130	1,152,733	819,896
Estonia,Number,Diesel,Total	:	:	:	:	:	:	:	:	:	:	:	:	:	:	:	:	:	:	:	:	:	:	:	1,778	1,847	2,482	2,895	3,396	:	6,394	8,522	6,094	3,479	3,401	5,625	6,855	7,345	7,726	6,949	6,393	6,409	6,527	6,414	5,123
Ireland,Number,Diesel,Total	:	:	:	:	:	:	:	:	8,308	:	:	:	:	11,760	:	10,567	9,659	12,990	13,064	14,637	14,510	17,326	19,103	23,331	20,996	25,132	25,217	28,208	36,750	44,010	61,177	58,785	34,309	66,159	71,960	57,847	54,428	61,917	92,436	105,257	87,640	70,732	:	41,688
Greece,Number,Diesel,Total	:	:	:	:	:	:	:	:	:	:	:	:	:	:	:	:	3,305	2,132	3,247	3,212	2,946	2,248	1,918	2,149	2,427	2,357	4,851	:	:	:	:	:	:	:	:	:	:	:	:	:	:	:	:	:
Spain,Number,Diesel,Total	:	:	:	:	:	:	:	:	:	:	:	:	:	:	:	:	167,316	244,732	284,547	369,333	467,577	620,172	766,752	785,193	779,869	805,226	:	:	:	1,142,066	1,134,107	810,622	672,242	700,190	567,974	485,043	:	590,360	694,161	715,543	680,575	552,588	449,258	332,202
France,Number,Diesel,Total	:	:	145,204	186,036	215,262	221,309	191,812	240,367	264,757	299,425	384,113	522,384	678,146	762,054	780,521	820,638	783,244	939,952	897,698	836,535	716,135	780,983	947,489	1,046,485	1,267,761	1,354,933	1,353,914	1,392,925	1,429,037	1,427,697	1,525,439	1,584,438	1,597,832	1,556,353	1,558,156	1,354,866	1,182,129	1,129,453	1,089,403	1,032,695	979,495	827,499	747,934	521,065
Croatia,Number,Diesel,Total	:	:	:	:	:	:	:	:	:	:	:	:	:	:	:	8,621	15,428	15,210	18,246	16,924	21,826	15,648	19,710	19,580	33,650	34,759	46,297	49,733	48,359	49,917	46,540	34,532	20,382	19,760	24,579	23,226	31,046	50,861	56,807	74,421	71,385	97,276	98,343	62,972
Italy,Number,Diesel,Total	:	:	:	:	:	:	:	:	:	:	:	:	:	:	:	:	:	:	177,558	286,278	423,711	536,929	:	:	:	928,201	1,219,346	1,605,151	1,453,192	1,508,544	1,403,481	1,119,469	914,593	906,555	974,902	746,713	707,641	:	:	:	:	:	793,367	505,406
Cyprus,Number,Diesel,Total	:	:	:	:	:	:	:	:	:	:	:	:	:	1,658	1,858	1,466	995	1,245	1,898	2,784	3,622	5,164	3,657	2,626	3,064	2,235	1,343	1,064	1,293	1,424	4,094	6,312	6,340	5,878	4,962	3,681	1,255	3,184	4,157	5,327	5,450	5,264	4,532	3,065
Latvia,Number,Diesel,Total	:	:	:	:	:	:	:	:	:	:	:	:	:	:	:	:	:	:	2,043	5,729	11,335	9,165	6,648	7,104	10,322	12,191	16,938	19,222	22,813	37,437	44,528	23,217	8,531	15,609	28,976	36,165	41,502	7,029	6,923	7,287	7,446	6,807	6,893	4,870
Lithuania,Number,Diesel,Total	:	:	:	:	:	:	:	:	:	:	:	:	:	:	:	:	:	:	:	:	:	:	:	:	:	23,542	24,618	30,203	43,116	66,559	101,056	85,774	75,498	110,845	98,942	110,296	110,402	100,310	97,813	100,495	110,328	110,072	94,151	7,042
Luxembourg,Number,Diesel,Total	:	:	:	:	:	:	:	:	:	:	:	:	:	:	:	:	:	:	:	:	:	:	:	:	:	27,152	28,884	35,004	36,561	39,280	39,753	40,313	34,480	:	:	:	:	:	:	:	:	:	:	:
Hungary,Number,Diesel,Total	:	:	:	:	:	:	:	:	:	:	:	:	:	:	:	8,481	5,036	2,443	2,683	1,822	2,475	3,753	4,686	7,432	10,190	15,318	21,243	32,671	:	38,167	40,121	65,339	:	30,403	41,340	57,114	25,769	30,219	32,271	34,700	37,039	32,655	32,299	31,606
Malta,Number,Diesel,Total	:	:	:	:	:	:	:	:	:	:	:	:	:	:	:	:	:	:	:	:	:	2,792	3,972	6,202	5,427	5,409	:	:	1,746	1,631	1,649	1,440	3,425	3,916	6,028	5,287	5,267	5,768	2,712	2,603	2,616	2,412	2,088	1,062
Netherlands,Number,Diesel,Total	:	:	:	:	:	:	:	:	:	:	:	:	:	:	:	:	:	:	:	:	81,610	110,318	139,581	134,418	120,944	:	:	:	124,509	130,040	143,357	125,996	78,332	98,675	156,834	142,807	103,557	105,014	129,768	72,355	72,265	56,996	32,685	12,963
Austria,Number,Diesel,Total	:	:	:	:	:	:	:	:	:	:	:	:	:	:	:	:	:	:	119,191	151,846	146,503	161,297	180,228	191,281	192,681	194,555	214,505	220,255	:	191,766	176,746	160,459	146,962	167,130	194,721	189,622	181,061	172,574	180,510	189,139	175,590	141,159	130,468	99,196
Poland,Number,Diesel,Total	:	:	:	:	:	:	:	:	:	:	:	:	:	:	:	:	:	:	54,902	76,618	72,032	34,404	44,440	59,179	70,124	:	38,844	147,570	267,295	320,326	483,183	649,009	471,211	479,777	487,915	450,827	468,097	470,967	481,006	530,548	500,112	536,800	498,613	413,508
Portugal,Number,Diesel,Total	:	:	:	:	:	:	:	:	:	:	:	:	:	:	:	:	:	:	:	:	:	:	:	:	:	:	:	:	:	:	:	:	:	:	:	:	:	:	:	:	139,241	124,059	156,627	:
Romania,Number,Diesel,Total	:	:	:	:	:	:	:	:	:	:	:	:	:	:	:	:	:	:	:	:	:	:	:	:	:	:	:	:	:	:	:	255,488	124,399	113,037	68,110	34,653	31,501	39,797	44,904	48,696	54,178	53,618	44,078	34,963
Slovenia,Number,Diesel,Total	:	:	:	:	:	:	:	:	:	:	:	:	:	:	:	:	:	:	:	:	:	5,815	7,951	5,229	8,868	15,623	24,319	28,506	26,497	24,802	29,199	27,486	19,945	22,599	25,770	24,847	28,016	29,763	31,031	32,589	32,410	23,877	21,499	16,918
Slovakia,Number,Diesel,Total	:	:	:	:	:	:	:	:	:	:	:	:	:	:	:	:	:	:	:	:	:	:	:	:	:	:	:	:	:	:	:	:	:	:	:	:	:	:	:	:	:	:	:	:
Finland,Number,Diesel,Total	:	:	:	:	:	:	:	:	:	:	:	:	:	7,211	4,486	3,451	4,370	3,745	5,504	12,949	15,280	19,725	22,025	26,330	18,016	18,196	22,362	22,103	:	29,512	35,784	69,307	41,970	46,758	53,147	43,042	38,697	41,404	38,844	39,556	36,216	29,071	22,022	14,567
Sweden,Number,Diesel,Total	:	:	:	:	:	:	:	:	:	:	:	:	2,245	1,640	1,702	1,398	3,981	5,106	4,855	14,186	29,940	40,499	29,319	27,720	15,383	18,161	21,096	23,402	29,437	58,780	108,458	89,538	91,175	154,267	195,145	195,804	176,485	188,998	207,091	202,383	192,191	138,666	123,708	67,981
Iceland,Number,Diesel,Total	:	:	:	:	:	:	:	:	:	:	:	:	:	:	:	:	269	339	579	998	1,581	2,309	2,759	2,560	1,040	918	1,385	1,755	3,992	:	:	:	:	:	:	:	:	:	:	:	11,091	8,219	4,253	2,327
Liechtenstein,Number,Diesel,Total	:	:	:	:	:	:	:	:	:	:	:	:	:	:	:	:	:	:	0	0	0	0	0	:	:	:	550	590	:	670	760	690	499	678	754	923	858	800	937	985	849	644	663	422
Norway,Number,Diesel,Total	:	:	:	:	:	:	:	:	:	:	:	:	1,148	2,425	3,509	5,881	9,109	:	6,028	11,930	:	:	:	:	:	:	:	46,126	:	73,961	122,856	100,300	93,316	121,039	128,559	113,937	83,067	76,478	76,985	53,516	44,498	34,305	28,398	19,178
Switzerland,Number,Diesel,Total	:	:	:	:	:	:	:	:	:	:	:	:	9,003	8,479	7,170	7,997	8,375	11,786	10,696	12,601	13,428	16,632	20,719	28,983	41,716	52,097	57,912	69,280	74,114	80,900	92,300	93,400	78,800	90,500	109,300	125,000	116,600	113,300	129,000	125,600	114,100	91,300	83,500	57,500
United Kingdom,Number,Diesel,Total	:	:	:	:	:	:	:	:	:	:	:	:	:	:	:	198,738	332,021	419,820	395,900	358,400	339,667	339,395	312,751	330,995	460,649	636,795	728,257	847,023	:	:	:	913,235	815,456	913,139	958,536	:	:	:	1,257,152	1,264,307	1,049,086	736,172	:	:
Montenegro,Number,Diesel,Total	:	:	:	:	:	:	:	:	:	:	:	:	:	:	:	:	:	:	:	:	:	:	:	:	:	:	:	:	:	:	:	:	:	:	:	:	:	:	:	1,288	1,662	1,599	1,164	:
North Macedonia,Number,Diesel,Total	:	:	:	:	:	:	:	:	:	:	:	:	:	:	:	:	:	:	:	:	:	:	:	:	:	:	:	:	:	:	:	:	:	:	:	:	22,778	:	:	:	:	:	:	:
Albania,Number,Diesel,Total	:	:	:	:	:	:	:	:	:	:	:	:	:	:	:	:	:	:	:	:	:	:	:	:	:	:	:	:	:	:	:	:	:	:	:	:	:	:	:	:	:	:	:	32,953
Turkey,Number,Diesel,Total	:	:	:	:	:	:	:	:	:	:	:	:	:	:	:	:	:	:	:	:	:	:	:	:	:	:	:	84,436	137,276	183,977	174,119	168,320	147,030	257,720	365,760	340,237	383,904	364,242	462,191	460,829	457,069	320,452	211,961	247,626
Bosnia and Herzegovina,Number,Diesel,Total	:	:	:	:	:	:	:	:	:	:	:	:	:	:	:	:	:	:	:	:	:	:	:	:	:	:	:	:	:	:	:	:	:	:	:	:	:	:	:	48,599	43,707	55,234	60,649	35,570
Kosovo (under United Nations Security Council Resolution 1244/99),Number,Diesel,Total	:	:	:	:	:	:	:	:	:	:	:	:	:	:	:	:	:	:	:	:	:	:	:	:	:	:	:	:	:	:	:	:	:	:	:	:	:	:	:	:	16,568	7,714	22,587	:
Belgium,Number,Diesel,Less than 1 400 cm³	:	:	:	:	:	:	:	:	:	:	:	:	:	:	:	:	:	:	:	:	:	:	:	:	:	:	:	48,468	47,287	63,803	62,236	59,494	47,014	50,964	:	29,077	21,471	15,272	9,572	5,976	3,504	1,697	388	319
Bulgaria,Number,Diesel,Less than 1 400 cm³	:	:	:	:	:	:	:	:	:	:	:	:	:	:	:	:	:	:	:	:	:	:	:	:	:	:	:	:	:	:	:	:	:	:	:	:	:	:	:	:	:	:	:	:
Czechia,Number,Diesel,Less than 1 400 cm³	:	:	:	:	:	:	:	:	:	:	:	:	:	:	:	:	:	:	:	:	:	:	:	:	:	:	:	:	:	:	:	:	:	:	:	:	:	:	:	:	:	:	:	:
Denmark,Number,Diesel,Less than 1 400 cm³	:	:	:	:	:	:	:	:	:	:	:	:	:	:	:	:	:	:	:	:	:	:	:	:	:	:	:	:	:	:	:	:	:	:	:	:	:	:	:	:	:	:	:	:
Germany (until 1990 former territory of the FRG),Number,Diesel,Less than 1 400 cm³	:	:	:	:	:	:	:	:	:	:	:	:	:	:	:	:	:	:	:	:	:	:	:	:	:	:	:	59,138	46,952	50,959	47,237	37,564	30,497	26,265	33,713	28,357	26,383	14,373	10,333	7,009	3,950	1,315	251	111
Estonia,Number,Diesel,Less than 1 400 cm³	:	:	:	:	:	:	:	:	:	:	:	:	:	:	:	:	:	:	:	:	:	:	:	0	0	70	170	132	:	287	280	168	126	91	146	237	161	187	163	73	48	75	5	0
Ireland,Number,Diesel,Less than 1 400 cm³	:	:	:	:	:	:	:	:	:	:	:	:	:	:	:	:	:	:	:	:	:	:	:	:	:	:	:	:	:	:	:	4,180	3,063	5,152	8,870	6,647	5,914	6,410	7,183	6,133	3,704	1,475	127	9
Greece,Number,Diesel,Less than 1 400 cm³	:	:	:	:	:	:	:	:	:	:	:	:	:	:	:	:	:	:	:	:	:	:	0	1	3	3	9	:	:	:	:	:	:	:	:	:	:	:	:	:	:	:	:	:
Spain,Number,Diesel,Less than 1 400 cm³	:	:	:	:	:	:	:	:	:	:	:	:	:	:	:	:	:	:	:	:	:	:	:	:	:	:	:	:	:	112,051	108,016	78,844	63,501	67,885	53,808	45,896	:	43,858	38,000	33,164	24,437	11,498	6,265	4,595
France,Number,Diesel,Less than 1 400 cm³	:	:	:	:	:	:	:	:	:	:	:	:	:	:	:	:	:	:	:	:	:	:	114	695	4,599	74,271	127,423	170,959	:	187,732	185,188	232,070	260,773	243,292	203,040	149,712	98,192	71,839	40,594	15,767	11,609	6,154	1,837	514
Croatia,Number,Diesel,Less than 1 400 cm³	:	:	:	:	:	:	:	:	:	:	:	:	:	:	:	:	:	:	:	:	:	:	:	:	:	:	:	:	:	:	2,669	2,050	810	859	1,461	1,543	2,096	3,963	3,827	4,468	5,289	6,236	5,642	3,272
Italy,Number,Diesel,Less than 1 400 cm³	:	:	:	:	:	:	:	:	:	:	:	:	:	:	:	:	:	:	:	:	:	:	:	:	:	10,019	11,324	10,455	9,294	6,943	7,054	7,148	3,658	7,782	18,880	23,784	22,537	12,129	8,128	6,669	3,635	1,270	316	7
Cyprus,Number,Diesel,Less than 1 400 cm³	:	:	:	:	:	:	:	:	:	:	:	:	:	:	:	:	:	:	:	:	:	:	:	:	:	:	:	:	92	103	303	282	263	312	279	272	109	194	142	96	105	153	31	22
Latvia,Number,Diesel,Less than 1 400 cm³	:	:	:	:	:	:	:	:	:	:	:	:	:	:	:	:	:	:	:	:	:	:	:	:	:	:	:	:	:	:	:	:	:	:	:	:	:	311	274	281	276	100	3	0
Lithuania,Number,Diesel,Less than 1 400 cm³	:	:	:	:	:	:	:	:	:	:	:	:	:	:	:	:	:	:	:	:	:	:	:	:	:	:	232	199	268	664	1,291	1,587	1,409	3,016	2,503	2,351	2,966	2,615	2,390	2,405	2,299	2,046	1,484	:
Luxembourg,Number,Diesel,Less than 1 400 cm³	:	:	:	:	:	:	:	:	:	:	:	:	:	:	:	:	:	:	:	:	:	:	:	:	:	815	1,369	2,317	2,682	3,074	7,341	2,801	2,312	:	:	:	:	:	:	:	:	:	:	:
Hungary,Number,Diesel,Less than 1 400 cm³	:	:	:	:	:	:	:	:	:	:	:	:	:	:	:	:	:	:	:	:	:	:	292	658	509	2,550	3,975	5,915	:	7,863	5,794	7,063	:	:	:	:	1,191	1,186	733	438	539	261	58	14
Malta,Number,Diesel,Less than 1 400 cm³	:	:	:	:	:	:	:	:	:	:	:	:	:	:	:	:	:	:	:	:	:	:	9	56	36	442	:	:	474	387	417	214	406	516	839	663	512	450	162	49	39	43	25	6
Netherlands,Number,Diesel,Less than 1 400 cm³	:	:	:	:	:	:	:	:	:	:	:	:	:	:	:	:	:	:	:	:	:	:	:	:	:	:	:	:	:	:	:	:	:	:	:	:	:	:	:	:	:	:	:	:
Austria,Number,Diesel,Less than 1 400 cm³	:	:	:	:	:	:	:	:	:	:	:	:	:	:	:	:	:	:	:	:	:	:	:	:	:	:	:	0	:	15,913	11,536	8,751	5,829	7,648	8,360	8,238	7,592	5,789	6,454	4,858	4,154	1,896	374	193
Poland,Number,Diesel,Less than 1 400 cm³	:	:	:	:	:	:	:	:	:	:	:	:	:	:	:	:	:	:	:	:	:	:	:	:	:	:	3,094	5,850	12,313	17,277	20,281	25,920	20,971	22,028	23,413	20,978	23,383	23,213	22,888	23,225	19,324	17,556	14,408	10,238
Portugal,Number,Diesel,Less than 1 400 cm³	:	:	:	:	:	:	:	:	:	:	:	:	:	:	:	:	:	:	:	:	:	:	:	:	:	:	:	:	:	:	:	:	:	:	:	:	:	:	:	:	9,742	8,778	5,914	:
Romania,Number,Diesel,Less than 1 400 cm³	:	:	:	:	:	:	:	:	:	:	:	:	:	:	:	:	:	:	:	:	:	:	:	:	:	:	:	:	:	:	:	:	:	5,407	5,649	2,292	1,851	1,699	1,596	766	605	307	4	0
Slovenia,Number,Diesel,Less than 1 400 cm³	:	:	:	:	:	:	:	:	:	:	:	:	:	:	:	:	:	:	:	:	0	13	58	11	15	523	1,509	:	1,880	1,522	1,737	1,140	694	541	704	934	1,164	1,156	566	631	603	451	52	1
Slovakia,Number,Diesel,Less than 1 400 cm³	:	:	:	:	:	:	:	:	:	:	:	:	:	:	:	:	:	:	:	:	:	:	:	:	:	:	:	:	:	:	:	:	:	:	:	:	:	:	:	:	:	:	:	:
Finland,Number,Diesel,Less than 1 400 cm³	:	:	:	:	:	:	:	:	:	:	:	:	:	:	:	:	:	:	:	0	1	0	:	:	6	357	375	416	:	993	1,313	3,385	2,154	1,425	1,091	788	583	425	215	173	80	26	1	2
Sweden,Number,Diesel,Less than 1 400 cm³	:	:	:	:	:	:	:	:	:	:	:	:	:	:	:	:	:	:	:	:	:	:	:	:	:	:	:	:	200	488	1,368	2,686	5,357	9,024	9,341	8,239	5,468	3,619	3,688	1,092	1,128	690	513	88
Iceland,Number,Diesel,Less than 1 400 cm³	:	:	:	:	:	:	:	:	:	:	:	:	:	:	:	:	:	:	:	:	:	:	:	:	:	:	:	0	48	:	:	:	:	:	:	:	:	:	:	:	:	:	:	:
Liechtenstein,Number,Diesel,Less than 1 400 cm³	:	:	:	:	:	:	:	:	:	:	:	:	:	:	:	:	:	:	:	:	:	:	:	:	:	:	30	30	:	20	20	15	9	12	15	11	10	7	3	11	10	1	0	0
Norway,Number,Diesel,Less than 1 400 cm³	:	:	:	:	:	:	:	:	:	:	:	:	:	:	:	:	:	:	:	:	:	:	:	:	:	:	:	:	:	:	:	:	:	:	:	:	:	:	:	38	25	14	7	4
Switzerland,Number,Diesel,Less than 1 400 cm³	:	:	:	:	:	:	:	:	:	:	:	:	:	:	:	:	:	:	:	:	:	:	:	:	:	:	:	2,908	2,973	4,000	3,300	2,900	2,400	2,100	2,600	2,600	2,100	1,600	1,100	500	300	200	100	0
United Kingdom,Number,Diesel,Less than 1 400 cm³	:	:	:	:	:	:	:	:	:	:	:	:	:	:	:	:	:	:	:	:	1,039	980	:	1,947	2,599	29,932	46,401	49,927	:	:	:	67,849	61,111	56,657	58,633	:	:	:	20,399	10,283	5,745	2,467	:	:
Montenegro,Number,Diesel,Less than 1 400 cm³	:	:	:	:	:	:	:	:	:	:	:	:	:	:	:	:	:	:	:	:	:	:	:	:	:	:	:	:	:	:	:	:	:	:	:	:	:	:	:	66	65	65	27	:
North Macedonia,Number,Diesel,Less than 1 400 cm³	:	:	:	:	:	:	:	:	:	:	:	:	:	:	:	:	:	:	:	:	:	:	:	:	:	:	:	:	:	:	:	:	:	:	:	:	787	:	:	:	:	:	:	:
Albania,Number,Diesel,Less than 1 400 cm³	:	:	:	:	:	:	:	:	:	:	:	:	:	:	:	:	:	:	:	:	:	:	:	:	:	:	:	:	:	:	:	:	:	:	:	:	:	:	:	:	:	:	:	:
Turkey,Number,Diesel,Less than 1 400 cm³	:	:	:	:	:	:	:	:	:	:	:	:	:	:	:	:	:	:	:	:	:	:	:	:	:	:	:	:	:	:	:	:	:	:	126,329	107,275	93,356	65,415	64,738	51,667	48,194	22,248	15,947	37,276
Bosnia and Herzegovina,Number,Diesel,Less than 1 400 cm³	:	:	:	:	:	:	:	:	:	:	:	:	:	:	:	:	:	:	:	:	:	:	:	:	:	:	:	:	:	:	:	:	:	:	:	:	:	:	:	:	2,266	2,481	2,423	1,702
Kosovo (under United Nations Security Council Resolution 1244/99),Number,Diesel,Less than 1 400 cm³	:	:	:	:	:	:	:	:	:	:	:	:	:	:	:	:	:	:	:	:	:	:	:	:	:	:	:	:	:	:	:	:	:	:	:	:	:	:	:	:	450	257	755	:
Belgium,Number,Diesel,From 1 400 to 1 999 cm³	:	:	:	:	:	:	:	:	:	:	:	:	:	:	:	:	:	:	:	:	:	:	:	:	:	:	:	245,087	260,791	280,099	291,300	315,073	273,925	328,443	:	274,119	265,841	255,701	263,051	251,173	231,725	178,651	164,802	143,054
Bulgaria,Number,Diesel,From 1 400 to 1 999 cm³	:	:	:	:	:	:	:	:	:	:	:	:	:	:	:	:	:	:	:	:	:	:	:	:	:	:	:	:	:	:	:	:	:	:	:	:	:	:	:	:	:	:	:	:
Czechia,Number,Diesel,From 1 400 to 1 999 cm³	:	:	:	:	:	:	:	:	:	:	:	:	:	:	:	:	:	:	:	:	:	:	:	:	:	:	:	:	:	:	:	:	:	:	:	:	:	:	:	:	:	:	:	:
Denmark,Number,Diesel,From 1 400 to 1 999 cm³	:	:	:	:	:	:	:	:	:	:	:	:	:	:	:	:	:	:	:	:	:	:	:	:	:	:	:	:	:	:	:	:	:	:	:	:	:	:	:	:	:	:	:	:
Germany (until 1990 former territory of the FRG),Number,Diesel,From 1 400 to 1 999 cm³	:	:	:	:	:	:	:	:	:	:	:	:	:	:	:	:	:	:	:	:	:	:	:	:	:	:	:	921,058	953,694	1,019,668	998,646	913,397	804,386	868,989	1,079,139	1,091,951	1,027,556	1,073,048	1,146,031	1,170,332	1,019,364	865,244	968,625	674,270
Estonia,Number,Diesel,From 1 400 to 1 999 cm³	:	:	:	:	:	:	:	:	:	:	:	:	:	:	:	:	:	:	:	:	:	:	:	1,255	1,243	1,540	1,549	1,911	:	3,341	4,803	3,583	2,339	2,593	4,039	4,843	5,465	5,503	5,381	4,942	5,163	5,421	5,542	4,472
Ireland,Number,Diesel,From 1 400 to 1 999 cm³	:	:	:	:	:	:	:	:	:	:	:	:	:	:	:	:	:	:	:	:	:	:	:	:	:	:	:	:	:	:	:	40,013	27,210	54,924	58,335	46,886	44,253	50,377	78,266	92,526	77,240	63,303	54,922	38,941
Greece,Number,Diesel,From 1 400 to 1 999 cm³	:	:	:	:	:	:	:	:	:	:	:	:	:	:	:	:	:	:	:	:	:	:	1,474	1,572	1,720	1,626	3,140	:	:	:	:	:	:	:	:	:	:	:	:	:	:	:	:	:
Spain,Number,Diesel,From 1 400 to 1 999 cm³	:	:	:	:	:	:	:	:	:	:	:	:	:	:	:	:	:	:	:	:	:	:	:	:	:	:	:	:	:	881,795	882,729	638,494	545,385	568,799	466,161	401,320	:	498,709	591,525	610,297	581,819	477,747	402,648	306,606
France,Number,Diesel,From 1 400 to 1 999 cm³	:	:	:	:	:	:	:	:	:	:	:	:	:	:	:	:	:	:	:	:	:	622,215	808,297	913,342	1,094,583	1,076,667	1,020,011	1,038,329	1,084,979	1,069,478	1,161,108	1,238,404	1,238,221	1,222,936	1,258,919	1,108,659	1,014,307	990,430	974,801	945,161	902,213	770,353	712,026	511,713
Croatia,Number,Diesel,From 1 400 to 1 999 cm³	:	:	:	:	:	:	:	:	:	:	:	:	:	:	:	:	:	:	:	:	:	:	:	:	:	:	:	:	:	:	34,309	25,295	14,865	15,433	19,725	18,278	24,463	41,150	46,988	62,581	61,037	83,625	85,070	54,877
Italy,Number,Diesel,From 1 400 to 1 999 cm³	:	:	:	:	:	:	:	:	:	:	:	:	:	:	:	:	:	:	:	:	:	:	:	:	:	761,574	994,796	1,355,963	1,251,477	1,279,553	1,198,415	954,513	794,727	794,846	849,256	644,373	617,719	678,226	804,665	977,056	1,044,911	924,059	736,135	475,838
Cyprus,Number,Diesel,From 1 400 to 1 999 cm³	:	:	:	:	:	:	:	:	:	:	:	:	:	:	:	:	:	:	:	:	:	:	:	:	:	:	:	:	781	875	1,541	2,631	2,938	2,980	2,525	1,883	788	2,279	3,353	4,549	4,706	4,533	4,144	2,800
Latvia,Number,Diesel,From 1 400 to 1 999 cm³	:	:	:	:	:	:	:	:	:	:	:	:	:	:	:	:	:	:	:	:	:	:	:	:	:	:	:	:	:	:	:	:	:	:	:	:	:	4,804	4,825	5,803	5,867	5,710	6,000	4,228
Lithuania,Number,Diesel,From 1 400 to 1 999 cm³	:	:	:	:	:	:	:	:	:	:	:	:	:	:	:	:	:	:	:	:	:	:	:	:	:	:	16,552	19,701	28,095	43,556	66,315	56,636	50,719	75,017	67,595	72,679	69,632	63,746	60,192	61,158	65,618	68,375	59,516	:
Luxembourg,Number,Diesel,From 1 400 to 1 999 cm³	:	:	:	:	:	:	:	:	:	:	:	:	:	:	:	:	:	:	:	:	:	:	:	:	:	19,418	19,117	23,774	25,864	26,806	23,272	29,098	25,507	:	:	:	:	:	:	:	:	:	:	:
Hungary,Number,Diesel,From 1 400 to 1 999 cm³	:	:	:	:	:	:	:	:	:	:	:	:	:	:	:	:	:	:	:	:	:	:	3,640	5,763	8,135	10,375	14,148	22,550	:	24,145	27,431	46,118	:	:	:	:	20,215	23,800	25,651	29,898	31,829	27,943	28,216	28,638
Malta,Number,Diesel,From 1 400 to 1 999 cm³	:	:	:	:	:	:	:	:	:	:	:	:	:	:	:	:	:	:	:	:	:	:	3,570	5,840	5,007	4,684	:	:	969	956	952	936	2,422	2,616	4,039	3,589	3,723	4,267	2,247	2,300	2,368	2,194	1,971	1,021
Netherlands,Number,Diesel,From 1 400 to 1 999 cm³	:	:	:	:	:	:	:	:	:	:	:	:	:	:	:	:	:	:	:	:	:	:	:	:	:	:	:	:	:	:	:	:	:	:	:	:	:	:	:	:	:	:	:	:
Austria,Number,Diesel,From 1 400 to 1 999 cm³	:	:	:	:	:	:	:	:	:	:	:	:	:	:	:	:	:	:	:	:	:	:	146,817	155,684	158,020	158,103	175,893	183,821	:	139,508	132,001	124,222	117,739	137,282	161,650	157,799	148,732	142,434	151,225	162,344	149,980	121,008	116,686	91,970
Poland,Number,Diesel,From 1 400 to 1 999 cm³	:	:	:	:	:	:	:	:	:	:	:	:	:	:	:	:	:	:	:	:	:	:	:	:	:	:	31,444	117,565	203,772	234,322	362,888	505,474	396,307	408,270	413,651	379,443	387,397	387,427	392,817	435,470	414,158	446,961	418,506	347,273
Portugal,Number,Diesel,From 1 400 to 1 999 cm³	:	:	:	:	:	:	:	:	:	:	:	:	:	:	:	:	:	:	:	:	:	:	:	:	:	:	:	:	:	:	:	:	:	:	:	:	:	:	:	:	121,014	108,032	82,108	:
Romania,Number,Diesel,From 1 400 to 1 999 cm³	:	:	:	:	:	:	:	:	:	:	:	:	:	:	:	:	:	:	:	:	:	:	:	:	:	:	:	:	:	:	:	:	:	92,598	52,655	26,698	24,440	32,123	37,003	41,705	47,331	47,373	39,786	32,224
Slovenia,Number,Diesel,From 1 400 to 1 999 cm³	:	:	:	:	:	:	:	:	:	:	:	:	:	:	:	:	:	:	:	:	3,650	4,730	6,392	4,314	7,607	13,402	20,630	:	21,936	19,515	22,250	21,562	16,368	19,799	22,881	22,156	25,174	26,916	28,242	29,714	29,551	21,865	20,614	16,503
Slovakia,Number,Diesel,From 1 400 to 1 999 cm³	:	:	:	:	:	:	:	:	:	:	:	:	:	:	:	:	:	:	:	:	:	:	:	:	:	:	:	:	:	:	:	:	:	:	:	:	:	:	:	:	:	:	:	:
Finland,Number,Diesel,From 1 400 to 1 999 cm³	:	:	:	:	:	:	:	:	:	:	:	:	:	:	:	:	:	:	:	8,638	9,898	14,291	16,265	19,148	12,054	10,989	14,038	13,852	:	14,506	20,213	48,211	27,444	33,084	38,985	31,297	28,658	31,775	30,874	32,334	30,807	25,076	18,966	12,080
Sweden,Number,Diesel,From 1 400 to 1 999 cm³	:	:	:	:	:	:	:	:	:	:	:	:	:	:	:	:	:	:	:	:	:	:	:	:	:	:	:	:	13,220	29,848	61,354	56,051	55,856	107,784	146,037	148,023	124,960	131,121	140,875	141,719	144,428	112,577	109,353	60,053
Iceland,Number,Diesel,From 1 400 to 1 999 cm³	:	:	:	:	:	:	:	:	:	:	:	:	:	:	:	:	:	:	:	:	:	:	126	107	60	92	124	329	1,328	:	:	:	:	:	:	:	:	:	:	:	:	:	:	:
Liechtenstein,Number,Diesel,From 1 400 to 1 999 cm³	:	:	:	:	:	:	:	:	:	:	:	:	:	:	:	:	:	:	:	:	:	:	:	:	:	:	290	300	:	320	350	362	269	401	456	595	577	498	644	684	596	437	500	314
Norway,Number,Diesel,From 1 400 to 1 999 cm³	:	:	:	:	:	:	:	:	:	:	:	:	:	:	:	:	:	:	:	:	:	:	:	:	:	:	:	:	:	:	:	:	:	:	:	:	:	:	:	37,722	32,274	24,299	21,804	14,044
Switzerland,Number,Diesel,From 1 400 to 1 999 cm³	:	:	:	:	:	:	:	:	:	:	:	:	:	:	:	:	:	:	:	:	:	:	:	:	:	:	:	42,515	48,165	49,100	58,300	61,600	51,500	62,400	75,300	86,300	79,800	78,300	90,700	93,000	85,800	69,600	68,300	48,800
United Kingdom,Number,Diesel,From 1 400 to 1 999 cm³	:	:	:	:	:	:	:	:	:	:	:	:	:	:	:	:	:	:	:	:	270,095	269,090	:	260,626	362,431	473,083	497,042	572,967	:	:	:	638,478	562,638	665,933	698,717	:	:	:	967,675	1,019,066	843,242	585,287	:	:
Montenegro,Number,Diesel,From 1 400 to 1 999 cm³	:	:	:	:	:	:	:	:	:	:	:	:	:	:	:	:	:	:	:	:	:	:	:	:	:	:	:	:	:	:	:	:	:	:	:	:	:	:	:	1,087	1,445	1,346	986	:
North Macedonia,Number,Diesel,From 1 400 to 1 999 cm³	:	:	:	:	:	:	:	:	:	:	:	:	:	:	:	:	:	:	:	:	:	:	:	:	:	:	:	:	:	:	:	:	:	:	:	:	17,346	:	:	:	:	:	:	:
Albania,Number,Diesel,From 1 400 to 1 999 cm³	:	:	:	:	:	:	:	:	:	:	:	:	:	:	:	:	:	:	:	:	:	:	:	:	:	:	:	:	:	:	:	:	:	:	:	:	:	:	:	:	:	:	:	:
Turkey,Number,Diesel,From 1 400 to 1 999 cm³	:	:	:	:	:	:	:	:	:	:	:	:	:	:	:	:	:	:	:	:	:	:	:	:	:	:	:	:	:	:	:	:	:	:	224,010	224,397	281,205	290,666	387,302	401,150	402,630	294,804	193,225	207,605
Bosnia and Herzegovina,Number,Diesel,From 1 400 to 1 999 cm³	:	:	:	:	:	:	:	:	:	:	:	:	:	:	:	:	:	:	:	:	:	:	:	:	:	:	:	:	:	:	:	:	:	:	:	:	:	:	:	:	35,492	45,863	50,544	30,254
Kosovo (under United Nations Security Council Resolution 1244/99),Number,Diesel,From 1 400 to 1 999 cm³	:	:	:	:	:	:	:	:	:	:	:	:	:	:	:	:	:	:	:	:	:	:	:	:	:	:	:	:	:	:	:	:	:	:	:	:	:	:	:	:	12,896	5,914	17,368	:
Belgium,Number,Diesel,2 000 cm³ or over	:	:	:	:	:	:	:	:	:	:	:	:	:	:	:	:	:	:	:	:	:	:	:	:	:	:	:	49,205	44,302	52,332	54,719	52,425	40,699	39,999	:	36,021	32,545	32,980	33,215	28,504	24,561	21,924	14,526	8,597
Bulgaria,Number,Diesel,2 000 cm³ or over	:	:	:	:	:	:	:	:	:	:	:	:	:	:	:	:	:	:	:	:	:	:	:	:	:	:	:	:	:	:	:	:	:	:	:	:	:	:	:	:	:	:	:	:
Czechia,Number,Diesel,2 000 cm³ or over	:	:	:	:	:	:	:	:	:	:	:	:	:	:	:	:	:	:	:	:	:	:	:	:	:	:	:	:	:	:	:	:	:	:	:	:	:	:	:	:	:	:	:	:
Denmark,Number,Diesel,2 000 cm³ or over	:	:	:	:	:	:	:	:	:	:	:	:	:	:	:	:	:	:	:	:	:	:	:	:	:	:	:	:	:	:	:	:	:	:	:	:	:	:	:	:	:	:	:	:
Germany (until 1990 former territory of the FRG),Number,Diesel,2 000 cm³ or over	:	:	:	:	:	:	:	:	:	:	:	:	:	:	:	:	:	:	:	:	:	:	:	:	:	:	:	457,150	424,930	465,254	455,683	410,496	333,744	326,683	383,111	365,806	349,165	365,138	382,065	362,227	313,443	244,504	183,795	145,474
Estonia,Number,Diesel,2 000 cm³ or over	:	:	:	:	:	:	:	:	:	:	:	:	:	:	:	:	:	:	:	:	:	:	:	523	604	872	1,176	1,353	:	2,766	3,439	2,343	1,014	717	1,440	1,775	1,719	2,036	1,405	1,378	1,198	1,031	867	651
Ireland,Number,Diesel,2 000 cm³ or over	:	:	:	:	:	:	:	:	:	:	:	:	:	:	:	:	:	:	:	:	:	:	:	:	:	:	:	:	:	:	:	14,592	4,036	6,083	4,755	4,314	4,261	5,130	6,987	6,598	6,696	5,954	4,830	2,738
Greece,Number,Diesel,2 000 cm³ or over	:	:	:	:	:	:	:	:	:	:	:	:	:	:	:	:	:	:	:	:	:	:	444	576	704	728	1,702	:	:	:	:	:	:	:	:	:	:	:	:	:	:	:	:	:
Spain,Number,Diesel,2 000 cm³ or over	:	:	:	:	:	:	:	:	:	:	:	:	:	:	:	:	:	:	:	:	:	:	:	:	:	:	:	:	:	148,220	143,362	93,284	63,356	63,506	48,005	37,827	:	47,793	64,636	72,082	74,319	63,343	40,345	21,001
France,Number,Diesel,2 000 cm³ or over	:	:	:	:	:	:	:	:	:	:	:	:	:	:	:	:	:	:	:	:	:	158,768	139,078	132,448	168,579	203,995	206,480	183,637	:	170,487	179,143	113,964	98,838	89,486	96,020	96,347	69,630	67,184	74,008	71,767	65,673	50,992	34,071	8,838
Croatia,Number,Diesel,2 000 cm³ or over	:	:	:	:	:	:	:	:	:	:	:	:	:	:	:	:	:	:	:	:	:	:	:	:	:	:	:	:	:	:	9,562	7,187	4,707	3,468	3,393	3,405	4,487	5,748	5,992	7,372	5,059	7,325	7,631	4,823
Italy,Number,Diesel,2 000 cm³ or over	:	:	:	:	:	:	:	:	:	:	:	:	:	:	:	:	:	:	:	:	:	:	:	:	:	156,608	213,226	238,733	192,421	222,048	198,012	157,808	116,208	103,927	106,766	78,556	67,385	67,540	74,281	75,161	81,888	75,165	56,916	29,561
Cyprus,Number,Diesel,2 000 cm³ or over	:	:	:	:	:	:	:	:	:	:	:	:	:	:	:	:	:	:	:	:	:	:	:	:	:	:	:	:	420	446	2,250	3,399	3,139	2,586	2,158	1,526	358	711	662	682	639	578	357	243
Latvia,Number,Diesel,2 000 cm³ or over	:	:	:	:	:	:	:	:	:	:	:	:	:	:	:	:	:	:	:	:	:	:	:	:	:	:	:	:	:	:	:	:	:	:	:	:	:	1,914	1,824	1,203	1,303	997	890	642
Lithuania,Number,Diesel,2 000 cm³ or over	:	:	:	:	:	:	:	:	:	:	:	:	:	:	:	:	:	:	:	:	:	:	:	:	:	:	7,834	10,303	14,753	22,339	33,450	27,551	23,370	32,812	28,844	35,266	37,804	33,949	35,231	36,932	42,411	39,651	33,140	:
Luxembourg,Number,Diesel,2 000 cm³ or over	:	:	:	:	:	:	:	:	:	:	:	:	:	:	:	:	:	:	:	:	:	:	:	:	:	6,919	8,398	8,913	8,015	9,400	9,140	8,414	6,661	:	:	:	:	:	:	:	:	:	:	:
Hungary,Number,Diesel,2 000 cm³ or over	:	:	:	:	:	:	:	:	:	:	:	:	:	:	:	:	:	:	:	:	:	:	754	1,011	1,546	2,393	3,120	4,206	:	6,186	6,896	12,158	:	:	:	:	4,363	5,233	5,887	4,364	4,671	4,451	4,025	2,954
Malta,Number,Diesel,2 000 cm³ or over	:	:	:	:	:	:	:	:	:	:	:	:	:	:	:	:	:	:	:	:	:	:	393	306	384	283	:	:	303	288	280	290	597	784	1,150	1,035	1,032	1,051	303	254	209	175	92	35
Netherlands,Number,Diesel,2 000 cm³ or over	:	:	:	:	:	:	:	:	:	:	:	:	:	:	:	:	:	:	:	:	:	:	:	:	:	:	:	:	:	:	:	:	:	:	:	:	:	:	:	:	:	:	:	:
Austria,Number,Diesel,2 000 cm³ or over	:	:	:	:	:	:	:	:	:	:	:	:	:	:	:	:	:	:	:	:	:	:	33,411	35,597	34,661	36,452	38,612	36,434	:	36,345	33,209	27,486	23,394	22,200	24,711	23,585	24,737	24,351	22,831	21,937	21,456	18,255	13,408	7,033
Poland,Number,Diesel,2 000 cm³ or over	:	:	:	:	:	:	:	:	:	:	:	:	:	:	:	:	:	:	:	:	:	:	:	:	:	:	4,288	:	51,210	68,727	100,014	117,615	53,933	49,479	50,941	50,406	57,317	60,327	65,301	71,853	66,630	72,283	65,699	55,997
Portugal,Number,Diesel,2 000 cm³ or over	:	:	:	:	:	:	:	:	:	:	:	:	:	:	:	:	:	:	:	:	:	:	:	:	:	:	:	:	:	:	:	:	:	:	:	:	:	:	:	:	8,485	7,249	3,415	:
Romania,Number,Diesel,2 000 cm³ or over	:	:	:	:	:	:	:	:	:	:	:	:	:	:	:	:	:	:	:	:	:	:	:	:	:	:	:	:	:	:	:	:	:	15,032	9,796	5,663	5,210	5,974	6,305	6,225	6,242	5,939	4,288	2,739
Slovenia,Number,Diesel,2 000 cm³ or over	:	:	:	:	:	:	:	:	:	:	:	:	:	:	:	:	:	:	:	:	1,206	1,072	1,501	904	1,246	1,698	2,180	:	2,681	3,765	5,212	4,784	2,883	2,259	2,185	1,757	1,678	1,691	2,223	2,244	2,256	1,561	833	414
Slovakia,Number,Diesel,2 000 cm³ or over	:	:	:	:	:	:	:	:	:	:	:	:	:	:	:	:	:	:	:	:	:	:	:	:	:	:	:	:	:	:	:	:	:	:	:	:	:	:	:	:	:	:	:	:
Finland,Number,Diesel,2 000 cm³ or over	:	:	:	:	:	:	:	:	:	:	:	:	:	:	:	:	:	:	:	4,309	5,381	5,422	5,754	7,177	5,955	6,849	7,947	7,834	:	14,013	14,259	17,708	12,375	12,242	13,069	10,957	9,456	9,202	7,755	7,049	5,329	3,969	3,055	2,485
Sweden,Number,Diesel,2 000 cm³ or over	:	:	:	:	:	:	:	:	:	:	:	:	:	:	:	:	:	:	:	:	:	:	:	:	:	:	:	:	16,017	28,444	45,736	30,801	29,962	37,459	39,767	39,542	46,057	54,258	62,528	59,572	46,635	25,399	13,842	7,840
Iceland,Number,Diesel,2 000 cm³ or over	:	:	:	:	:	:	:	:	:	:	:	:	:	:	:	:	:	:	:	:	:	:	2,633	2,453	980	826	1,261	1,426	2,616	:	:	:	:	:	:	:	:	:	:	:	:	:	:	:
Liechtenstein,Number,Diesel,2 000 cm³ or over	:	:	:	:	:	:	:	:	:	:	:	:	:	:	:	:	:	:	:	:	:	:	:	:	:	:	230	250	:	330	390	313	221	265	283	317	271	295	290	290	243	206	163	108
Norway,Number,Diesel,2 000 cm³ or over	:	:	:	:	:	:	:	:	:	:	:	:	:	:	:	:	:	:	:	:	:	:	:	:	:	:	:	:	:	:	:	:	:	:	:	:	:	:	:	15,756	12,199	9,992	6,587	5,130
Switzerland,Number,Diesel,2 000 cm³ or over	:	:	:	:	:	:	:	:	:	:	:	:	:	:	:	:	:	:	:	:	:	:	:	:	:	:	:	23,857	22,976	27,800	30,700	28,900	24,900	26,000	31,400	36,000	33,800	34,100	36,100	32,800	27,800	20,600	15,100	8,700
United Kingdom,Number,Diesel,2 000 cm³ or over	:	:	:	:	:	:	:	:	:	:	:	:	:	:	:	:	:	:	:	:	68,533	69,325	:	68,422	95,619	133,780	184,812	224,129	:	:	:	206,906	191,706	190,549	201,186	:	:	:	269,073	234,957	199,893	147,762	:	:
Montenegro,Number,Diesel,2 000 cm³ or over	:	:	:	:	:	:	:	:	:	:	:	:	:	:	:	:	:	:	:	:	:	:	:	:	:	:	:	:	:	:	:	:	:	:	:	:	:	:	:	135	4	188	151	:
North Macedonia,Number,Diesel,2 000 cm³ or over	:	:	:	:	:	:	:	:	:	:	:	:	:	:	:	:	:	:	:	:	:	:	:	:	:	:	:	:	:	:	:	:	:	:	:	:	4,645	:	:	:	:	:	:	:
Albania,Number,Diesel,2 000 cm³ or over	:	:	:	:	:	:	:	:	:	:	:	:	:	:	:	:	:	:	:	:	:	:	:	:	:	:	:	:	:	:	:	:	:	:	:	:	:	:	:	:	:	:	:	:
Turkey,Number,Diesel,2 000 cm³ or over	:	:	:	:	:	:	:	:	:	:	:	:	:	:	:	:	:	:	:	:	:	:	:	:	:	:	:	:	:	:	:	:	:	:	12,137	8,273	9,343	8,161	10,151	8,012	6,245	3,400	2,789	2,745
Bosnia and Herzegovina,Number,Diesel,2 000 cm³ or over	:	:	:	:	:	:	:	:	:	:	:	:	:	:	:	:	:	:	:	:	:	:	:	:	:	:	:	:	:	:	:	:	:	:	:	:	:	:	:	:	5,949	6,889	7,682	3,614
Kosovo (under United Nations Security Council Resolution 1244/99),Number,Diesel,2 000 cm³ or over	:	:	:	:	:	:	:	:	:	:	:	:	:	:	:	:	:	:	:	:	:	:	:	:	:	:	:	:	:	:	:	:	:	:	:	:	:	:	:	:	3,222	1,543	4,464	:
